username;course;registered_at
Adhmi;Wikimedia_Indonesia/Geodatathon_Agustus_2025;2018-05-03 07:41:24 UTC
Rinai Natsumi;Wikimedia_Indonesia/Geodatathon_Agustus_2025;2017-11-04 05:27:20 UTC
Sygrayem;Wikimedia_Indonesia/Geodatathon_Agustus_2025;2014-12-17 13:11:20 UTC
JumadilM;Wikimedia_Indonesia/Geodatathon_Agustus_2025;2019-12-15 13:25:14 UTC
Supardisahabu;Wikimedia_Indonesia/Geodatathon_Agustus_2025;2019-12-28 11:48:42 UTC
Lnahdiya;Wikimedia_Indonesia/Geodatathon_Agustus_2025;2019-05-20 15:14:58 UTC
Andri Kesenja 01;Wikimedia_Indonesia/Geodatathon_Agustus_2025;2020-09-25 06:58:59 UTC
Fakhruddin Arrazzi;Wikimedia_Indonesia/Geodatathon_Agustus_2025;2019-10-06 14:51:42 UTC
Mery Nurfa Dilla;Wikimedia_Indonesia/Geodatathon_Agustus_2025;2021-10-24 06:16:42 UTC
Sibiru45;Wikimedia_Indonesia/Geodatathon_Agustus_2025;2016-11-05 12:23:59 UTC
Hasnanf;Wikimedia_Indonesia/Geodatathon_Agustus_2025;2022-11-03 11:45:07 UTC
Rizall 91202;Wikimedia_Indonesia/Geodatathon_Agustus_2025;2023-01-01 03:09:15 UTC
Fardhanzlf;Wikimedia_Indonesia/Geodatathon_Agustus_2025;2023-02-24 18:36:58 UTC
Orfetaum;Wikimedia_Indonesia/Geodatathon_Agustus_2025;2023-03-30 15:29:44 UTC
Cgjkldn;Wikimedia_Indonesia/Geodatathon_Agustus_2025;2022-03-22 12:58:31 UTC
Quraeni;Wikimedia_Indonesia/Geodatathon_Agustus_2025;2023-02-27 05:32:54 UTC
Iripseudocorus;Wikimedia_Indonesia/Geodatathon_Agustus_2025;2023-11-13 09:21:35 UTC
Syurida;Wikimedia_Indonesia/Geodatathon_Agustus_2025;2024-01-27 17:42:00 UTC
Sansabit;Wikimedia_Indonesia/Geodatathon_Agustus_2025;2024-05-19 03:38:44 UTC
Lembayung Indah;Wikimedia_Indonesia/Geodatathon_Agustus_2025;2024-01-19 00:41:37 UTC
Fatma nizam92;Wikimedia_Indonesia/Geodatathon_Agustus_2025;2024-06-14 16:43:38 UTC
Muufii;Wikimedia_Indonesia/Geodatathon_Agustus_2025;2024-06-27 08:34:34 UTC
Niryhpr;Wikimedia_Indonesia/Geodatathon_Agustus_2025;2024-10-17 16:54:26 UTC
Deboradamanikm;Wikimedia_Indonesia/Geodatathon_Agustus_2025;2019-02-08 07:25:57 UTC
Afdhal Sy;Wikimedia_Indonesia/Geodatathon_Agustus_2025;2024-09-22 13:24:56 UTC
Syifa Adiba;Wikimedia_Indonesia/Geodatathon_Agustus_2025;2025-08-12 06:38:48 UTC
Zhilal Darma;Wikimedia_Indonesia/Kopdar_Wikidata_Padang_15_November_2025;2018-09-25 06:17:31 UTC
Fakhruddin Arrazzi;Wikimedia_Indonesia/Kopdar_Wikidata_Padang_15_November_2025;2019-10-06 14:51:42 UTC
Happywu;Wikimedia_Indonesia/Kopdar_Wikidata_Padang_15_November_2025;2023-12-07 15:52:47 UTC
Tisa0603;Wikimedia_Indonesia/Kopdar_Wikidata_Padang_15_November_2025;2024-02-04 03:05:57 UTC
Afdhal Sy;Wikimedia_Indonesia/Kopdar_Wikidata_Padang_15_November_2025;2024-09-22 13:24:56 UTC
Diarahmaa;Wikimedia_Indonesia/Kopdar_Wikidata_Padang_15_November_2025;2025-06-26 11:09:24 UTC
Unincantik;Wikimedia_Indonesia/Kopdar_Wikidata_Padang_15_November_2025;2025-10-11 02:56:36 UTC
Unicornbaddie;Wikimedia_Indonesia/Wikilatih_Wikidata_UISU_27_Oktober_2025;2025-10-27 02:27:17 UTC
Meylin Choiry;Wikimedia_Indonesia/Wikilatih_Wikidata_UISU_27_Oktober_2025;2025-10-27 02:31:27 UTC
Billakuyy;Wikimedia_Indonesia/Wikilatih_Wikidata_UISU_27_Oktober_2025;2025-10-27 02:29:20 UTC
Gadis kecil imut;Wikimedia_Indonesia/Wikilatih_Wikidata_UISU_27_Oktober_2025;2025-10-27 02:35:16 UTC
Awaa3ee;Wikimedia_Indonesia/Wikilatih_Wikidata_UISU_27_Oktober_2025;2025-10-26 23:29:17 UTC
Joejoe354;Wikimedia_Indonesia/Wikilatih_Wikidata_UISU_27_Oktober_2025;2025-10-27 03:34:00 UTC
Kylie latte;Wikimedia_Indonesia/Wikilatih_Wikidata_UISU_27_Oktober_2025;2025-10-26 22:54:03 UTC
Mutiadela;Wikimedia_Indonesia/Wikilatih_Wikidata_UISU_27_Oktober_2025;2025-10-26 16:30:40 UTC
Maulana Iman Al Farizi;Wikimedia_Indonesia/Wikilatih_Wikidata_UISU_27_Oktober_2025;2025-10-27 03:06:32 UTC
Ilham245;Wikimedia_Indonesia/Wikilatih_Wikidata_UISU_27_Oktober_2025;2025-10-26 16:33:39 UTC
MEI-mei07;Wikimedia_Indonesia/Wikilatih_Wikidata_UISU_27_Oktober_2025;2025-10-27 03:35:53 UTC
Faiz243;Wikimedia_Indonesia/Wikilatih_Wikidata_UISU_27_Oktober_2025;2025-10-27 03:05:09 UTC
Yuinday;Wikimedia_Indonesia/Wikilatih_Wikidata_UISU_27_Oktober_2025;2025-10-26 16:16:56 UTC
Telor Omelet;Wikimedia_Indonesia/Wikilatih_Wikidata_UISU_27_Oktober_2025;2025-10-26 23:26:37 UTC
Robet33;Wikimedia_Indonesia/Wikilatih_Wikidata_UISU_27_Oktober_2025;2025-10-27 03:31:21 UTC
Bottlu;Wikimedia_Indonesia/Wikilatih_Wikidata_UISU_27_Oktober_2025;2025-10-27 03:39:02 UTC
Chilsieau;Wikimedia_Indonesia/Wikilatih_Wikidata_UISU_27_Oktober_2025;2025-10-26 23:18:34 UTC
Deandradarryl.14;Wikimedia_Indonesia/Wikilatih_Wikidata_UISU_27_Oktober_2025;2025-10-27 03:05:46 UTC
Johnstad Di Maria;Wikimedia_Indonesia/Kopdar_Wikimedia_Surabaya_20_November_2025_(20_November_2025);2016-06-30 06:34:02 UTC
Adhi Kurniawan;Wikimedia_Indonesia/Kopdar_Wikimedia_Surabaya_20_November_2025_(20_November_2025);2012-09-15 18:29:58 UTC
Empat Tilda;Wikimedia_Indonesia/Kopdar_Wikimedia_Surabaya_20_November_2025_(20_November_2025);2018-02-13 11:25:35 UTC
Ulumarifah;Wikimedia_Indonesia/Kopdar_Wikimedia_Surabaya_20_November_2025_(20_November_2025);2019-10-16 13:00:58 UTC
Dian (WMID);Wikimedia_Indonesia/Kopdar_Wikimedia_Surabaya_20_November_2025_(20_November_2025);2021-11-01 04:25:17 UTC
Kanzcech;Wikimedia_Indonesia/Kopdar_Wikimedia_Surabaya_20_November_2025_(20_November_2025);2018-08-02 05:44:39 UTC
Seeharee;Wikimedia_Indonesia/Kopdar_Wikimedia_Surabaya_20_November_2025_(20_November_2025);2022-12-14 12:50:22 UTC
Yamato Shiya;Wikimedia_Indonesia/Kopdar_Wikimedia_Surabaya_20_November_2025_(20_November_2025);2023-08-21 14:16:15 UTC
Muufii;Wikimedia_Indonesia/Kopdar_Wikimedia_Surabaya_20_November_2025_(20_November_2025);2024-06-27 08:34:34 UTC
Abdisaverio;Wikimedia_Indonesia/Kopdar_Wikimedia_Surabaya_20_November_2025_(20_November_2025);2025-08-24 07:07:03 UTC
Haqqulyaqiin;Wikimedia_Indonesia/Wikilatih_Wikidata_UNAIR_21_November_2025;2025-11-20 13:26:54 UTC
Marveljeremia;Wikimedia_Indonesia/Wikilatih_Wikidata_UNAIR_21_November_2025;2025-11-20 04:21:30 UTC
Finaniswatin;Wikimedia_Indonesia/Wikilatih_Wikidata_UNAIR_21_November_2025;2025-11-20 07:44:21 UTC
Nabilazrareva;Wikimedia_Indonesia/Wikilatih_Wikidata_UNAIR_21_November_2025;2025-11-20 04:42:04 UTC
CECILYA AUDRIA;Wikimedia_Indonesia/Wikilatih_Wikidata_UNAIR_21_November_2025;2025-11-20 04:38:19 UTC
Kevinnathaneal123;Wikimedia_Indonesia/Wikilatih_Wikidata_UNAIR_21_November_2025;2025-11-20 04:41:17 UTC
Mutia Bahalwan;Wikimedia_Indonesia/Wikilatih_Wikidata_UNAIR_21_November_2025;2025-11-20 04:49:38 UTC
Mochammadafzal;Wikimedia_Indonesia/Wikilatih_Wikidata_UNAIR_21_November_2025;2025-11-20 04:47:18 UTC
Bulanmarseliawt;Wikimedia_Indonesia/Wikilatih_Wikidata_UNAIR_21_November_2025;2025-11-20 04:33:55 UTC
Firlygreselda;Wikimedia_Indonesia/Wikilatih_Wikidata_UNAIR_21_November_2025;2025-11-20 04:40:25 UTC
Devi Rahmania;Wikimedia_Indonesia/Wikilatih_Wikidata_UNAIR_21_November_2025;2025-11-20 13:54:43 UTC
Javier Ihsan;Wikimedia_Indonesia/Wikilatih_Wikidata_UNAIR_21_November_2025;2025-11-20 12:09:41 UTC
Bingar Kenaya;Wikimedia_Indonesia/Wikilatih_Wikidata_UNAIR_21_November_2025;2025-11-20 01:17:42 UTC
Jania Elysia;Wikimedia_Indonesia/Wikilatih_Wikidata_UNAIR_21_November_2025;2025-11-20 07:13:22 UTC
Yushan-Riry;Wikimedia_Indonesia/Wikilatih_Wikidata_UNAIR_21_November_2025;2025-11-20 04:29:57 UTC
Dian Pratiwi 14;Wikimedia_Indonesia/Wikilatih_Wikidata_UNAIR_21_November_2025;2025-11-20 12:01:00 UTC
Antya Anantari;Wikimedia_Indonesia/Kopdar_Wikidata_Malang_5_Desember_2025;2018-12-24 01:21:05 UTC
Empat Tilda;Wikimedia_Indonesia/Kopdar_Wikidata_Malang_5_Desember_2025;2018-02-13 11:25:35 UTC
Ahmadrizky0102;Wikimedia_Indonesia/Kopdar_Wikidata_Malang_5_Desember_2025;2023-10-27 13:56:59 UTC
Syaasantoso;Wikimedia_Indonesia/Kopdar_Wikidata_Malang_5_Desember_2025;2024-04-16 13:11:49 UTC
Mandai Imut;Wikimedia_Indonesia/Kopdar_Wikidata_Malang_5_Desember_2025;2025-03-07 05:51:34 UTC
Cawilll;Wikimedia_Indonesia/Kopdar_Wikidata_Malang_5_Desember_2025;2025-03-07 08:34:29 UTC
Fishynila;Wikimedia_Indonesia/Kopdar_Wikidata_Malang_5_Desember_2025;2024-10-15 12:47:03 UTC
Harmawanto;Wikimedia_Indonesia/Kopdar_Wikidata_Malang_5_Desember_2025;2025-12-03 12:56:12 UTC
Hakim Abimanyu;Wikimedia_Indonesia/Kopdar_Wikidata_Malang_5_Desember_2025;2025-10-05 15:37:17 UTC
Naval Scene;Wikimedia_Indonesia/Kopdar_Wikidata_Jakarta_14_Desember_2025_(14_Desember_2025);2008-05-31 15:13:33 UTC
Andra Aliyev;Wikimedia_Indonesia/Kopdar_Wikidata_Jakarta_14_Desember_2025_(14_Desember_2025);2016-01-17 15:20:58 UTC
Chongkian;Wikimedia_Indonesia/Kopdar_Wikidata_Jakarta_14_Desember_2025_(14_Desember_2025);2009-08-21 06:41:21 UTC
Oceanmuse;Wikimedia_Indonesia/Kopdar_Wikidata_Jakarta_14_Desember_2025_(14_Desember_2025);2019-09-08 12:35:58 UTC
Affandy Murad;Wikimedia_Indonesia/Kopdar_Wikidata_Jakarta_14_Desember_2025_(14_Desember_2025);2008-06-30 12:36:43 UTC
Badak Jawa;Wikimedia_Indonesia/Kopdar_Wikidata_Jakarta_14_Desember_2025_(14_Desember_2025);2021-06-28 06:56:00 UTC
Pitchrigi;Wikimedia_Indonesia/Kopdar_Wikidata_Jakarta_14_Desember_2025_(14_Desember_2025);2023-06-03 15:30:03 UTC
OwlyKnight;Wikimedia_Indonesia/Kopdar_Wikidata_Jakarta_14_Desember_2025_(14_Desember_2025);2022-09-16 06:42:02 UTC
BlueberryCheeseCream;Wikimedia_Indonesia/Kopdar_Wikidata_Jakarta_14_Desember_2025_(14_Desember_2025);2024-04-25 08:53:52 UTC
Hzu Hzu;Wikimedia_Indonesia/Kopdar_Wikidata_Jakarta_14_Desember_2025_(14_Desember_2025);2024-05-12 01:10:20 UTC
Writingtradition;Wikimedia_Indonesia/Kopdar_Wikidata_Jakarta_14_Desember_2025_(14_Desember_2025);2024-12-04 01:55:53 UTC
MomRhino;Wikimedia_Indonesia/Kopdar_Wikidata_Jakarta_14_Desember_2025_(14_Desember_2025);2025-09-19 05:59:13 UTC
Kanzcech;Wikimedia_Indonesia/Wikilatih_Wikidata_Daring_untuk_Akademisi;2018-08-02 05:44:39 UTC
Radramboo;Wikimedia_Indonesia/Wikilatih_Wikidata_Daring_untuk_Akademisi;2022-08-27 10:06:38 UTC
Sabil Khoer Al Munawar;Wikimedia_Indonesia/Wikilatih_Wikidata_Daring_untuk_Akademisi;2023-02-24 16:26:43 UTC
Menyusurisudutnegeri;Wikimedia_Indonesia/Wikilatih_Wikidata_Daring_untuk_Akademisi;2024-01-19 13:43:58 UTC
Raihankakicak;Wikimedia_Indonesia/Wikilatih_Wikidata_Daring_untuk_Akademisi;2024-11-13 11:18:35 UTC
Kiaryabagusadiwardana;Wikimedia_Indonesia/Wikilatih_Wikidata_Daring_untuk_Akademisi;2024-12-30 10:37:10 UTC
Kangwikii;Wikimedia_Indonesia/Wikilatih_Wikidata_Daring_untuk_Akademisi;2025-08-22 19:04:09 UTC
Harisyr20;Wikimedia_Indonesia/Wikilatih_Wikidata_Daring_untuk_Akademisi;
Diarahmaa;Wikimedia_Indonesia/Wikilatih_Wikidata_Daring_untuk_Akademisi;2025-06-26 11:09:24 UTC
Adhiiik;Wikimedia_Indonesia/Wikilatih_Wikidata_Daring_untuk_Akademisi;2025-12-16 03:50:45 UTC
Rezanuronline;Wikimedia_Indonesia/Wikilatih_Wikidata_Daring_untuk_Akademisi;2025-12-13 09:37:27 UTC
Trihadisulistyanto;Wikimedia_Indonesia/Wikilatih_Wikidata_Daring_untuk_Akademisi;2025-11-18 14:17:03 UTC
Alexpendria;Wikimedia_Indonesia/Wikilatih_Wikidata_Daring_untuk_Akademisi;2025-09-25 00:06:50 UTC
TorangEdit;Wikimedia_Indonesia/Wikilatih_Wikidata_Daring_untuk_Akademisi;2025-10-07 13:59:57 UTC
Soleh199101;Wikimedia_Indonesia/Wikilatih_Wikidata_Daring_untuk_Akademisi;2025-09-27 10:00:02 UTC
Cakjulpikar;Wikimedia_Indonesia/Wikilatih_Wikidata_Daring_untuk_Akademisi;2022-12-29 03:33:35 UTC
Bagindokemas;Wikimedia_Indonesia/Wikilatih_Wikidata_Daring_untuk_Akademisi;2025-12-19 07:36:13 UTC
Faafgani;Wikimedia_Indonesia/Wikilatih_Wikidata_Daring_untuk_Akademisi;2022-04-21 01:16:15 UTC
Aqilanhein;Wikimedia_Indonesia/Wikilatih_Wikidata_Daring_untuk_Akademisi;2025-10-17 02:18:15 UTC
LadyAyasophia;Wikimedia_Indonesia/Wikilatih_Wikidata_Daring_untuk_Akademisi;2025-12-15 03:56:59 UTC
Goldyfauhn;Wikimedia_Indonesia/Wikilatih_Wikidata_Daring_untuk_Akademisi;2025-12-15 10:43:40 UTC
Rani Rachman;Wikimedia_Indonesia/Wikilatih_Wikidata_Daring_untuk_Akademisi;2025-12-14 20:43:29 UTC
Dasaptaerwin;Wikimedia_Indonesia/Wikilatih_Wikidata_Daring_untuk_Akademisi;2016-07-06 22:11:20 UTC
Adhiiik;Wikimedia_Indonesia/Pemagangan_Datatek_Desember_2025;2025-12-16 03:50:45 UTC
Kresnaidjn;Wikimedia_Indonesia/Wikilatih_Wikidata_IDJN;2025-08-27 02:43:47 UTC
Uuud;Wikimedia_Indonesia/Wikilatih_Wikidata_IDJN;2025-08-27 07:37:24 UTC
Rejamaubelajar;Wikimedia_Indonesia/Wikilatih_Wikidata_IDJN;2025-08-28 02:53:18 UTC
Jaka hb;Wikimedia_Indonesia/Wikilatih_Wikidata_IDJN;2025-08-27 09:16:10 UTC
Yandikk;Wikimedia_Indonesia/Wikilatih_WIkidata_Telkom_University_Oktober_2025;2025-10-03 07:07:08 UTC
Frenwin;Wikimedia_Indonesia/Wikilatih_WIkidata_Telkom_University_Oktober_2025;2025-10-03 06:17:29 UTC
Adelinavm;Wikimedia_Indonesia/Wikilatih_WIkidata_Telkom_University_Oktober_2025;2025-10-04 02:35:06 UTC
Abilhzn;Wikimedia_Indonesia/Wikilatih_WIkidata_Telkom_University_Oktober_2025;2025-10-03 06:25:36 UTC
Hibscolony;Wikimedia_Indonesia/Wikilatih_WIkidata_Telkom_University_Oktober_2025;2025-10-04 02:45:17 UTC
Fauzanahsanudin;Wikimedia_Indonesia/Wikilatih_WIkidata_Telkom_University_Oktober_2025;2025-10-04 02:49:56 UTC
Faariskhairrudin;Wikimedia_Indonesia/Wikilatih_WIkidata_Telkom_University_Oktober_2025;2025-10-04 02:37:41 UTC
Hanifimaduddin;Wikimedia_Indonesia/Wikilatih_WIkidata_Telkom_University_Oktober_2025;2025-10-03 22:09:12 UTC
Dzikran;Wikimedia_Indonesia/Wikilatih_WIkidata_Telkom_University_Oktober_2025;2024-09-15 03:05:22 UTC
Jebbzz;Wikimedia_Indonesia/Wikilatih_WIkidata_Telkom_University_Oktober_2025;2025-10-03 06:27:07 UTC
Johnstad Di Maria;Wikimedia_Indonesia/Kopdar_Wikidata_Bandung_Oktober_2025;2016-06-30 06:34:02 UTC
Lany pirna;Wikimedia_Indonesia/Kopdar_Wikidata_Bandung_Oktober_2025;2018-12-10 07:56:46 UTC
Serigalakampus;Wikimedia_Indonesia/Kopdar_Wikidata_Bandung_Oktober_2025;2019-04-21 04:31:31 UTC
Mirani Pramitasari;Wikimedia_Indonesia/Kopdar_Wikidata_Bandung_Oktober_2025;2021-09-12 14:03:17 UTC
Apriadi ap;Wikimedia_Indonesia/Kopdar_Wikidata_Bandung_Oktober_2025;2021-11-23 18:50:54 UTC
Arunikala;Wikimedia_Indonesia/Kopdar_Wikidata_Bandung_Oktober_2025;2022-09-19 06:05:56 UTC
Hasnanf;Wikimedia_Indonesia/Kopdar_Wikidata_Bandung_Oktober_2025;2022-11-03 11:45:07 UTC
Nugi30;Wikimedia_Indonesia/Kopdar_Wikidata_Bandung_Oktober_2025;2024-05-08 14:05:41 UTC
Yaya Nulis;Wikimedia_Indonesia/Kopdar_Wikidata_Bandung_Oktober_2025;2024-11-05 04:49:24 UTC
Tanto Wijaya;Wikimedia_Indonesia/Kopdar_Wikidata_Bandung_Oktober_2025;2025-07-15 12:33:32 UTC
Mbupipaupi;Wikimedia_Indonesia/Kopdar_Wikidata_Bandung_Oktober_2025;2025-09-29 15:28:14 UTC
Subangkit;Wikimedia_Indonesia/Kopdar_Wikidata_Bandung_Oktober_2025;2025-10-01 17:03:24 UTC
Adhmi;Wikimedia_Indonesia/Geodatathon_Desember_2025_-_Cadang;2018-05-03 07:41:24 UTC
Fakhruddin Arrazzi;Wikimedia_Indonesia/Geodatathon_Desember_2025_-_Cadang;2019-10-06 14:51:42 UTC
Nafisathallah;Wikimedia_Indonesia/Geodatathon_Desember_2025_-_Cadang;2020-07-30 12:15:58 UTC
Mery Nurfa Dilla;Wikimedia_Indonesia/Geodatathon_Desember_2025_-_Cadang;2021-10-24 06:16:42 UTC
Nurhidayah Tanjung;Wikimedia_Indonesia/Geodatathon_Desember_2025_-_Cadang;2020-02-04 12:06:12 UTC
Seeharee;Wikimedia_Indonesia/Geodatathon_Desember_2025_-_Cadang;2022-12-14 12:50:22 UTC
Cgjkldn;Wikimedia_Indonesia/Geodatathon_Desember_2025_-_Cadang;2022-03-22 12:58:31 UTC
Happywu;Wikimedia_Indonesia/Geodatathon_Desember_2025_-_Cadang;2023-12-07 15:52:47 UTC
Sansabit;Wikimedia_Indonesia/Geodatathon_Desember_2025_-_Cadang;2024-05-19 03:38:44 UTC
Muufii;Wikimedia_Indonesia/Geodatathon_Desember_2025_-_Cadang;2024-06-27 08:34:34 UTC
Niryhpr;Wikimedia_Indonesia/Geodatathon_Desember_2025_-_Cadang;2024-10-17 16:54:26 UTC
Ratri Ayumsari;Wikimedia_Indonesia/Geodatathon_Desember_2025_-_Cadang;2024-11-04 15:15:38 UTC
Etewe;Wikimedia_Indonesia/Geodatathon_Desember_2025_-_Cadang;2024-11-26 12:14:31 UTC
Afdhal Sy;Wikimedia_Indonesia/Geodatathon_Desember_2025_-_Cadang;2024-09-22 13:24:56 UTC
Lemonwithices;Wikimedia_Indonesia/Geodatathon_Desember_2025_-_Cadang;2025-07-13 03:04:11 UTC
Ars-arsa;Wikimedia_Indonesia/Geodatathon_Desember_2025_-_Cadang;2025-12-07 06:55:40 UTC
Rezanuronline;Wikimedia_Indonesia/Geodatathon_Desember_2025_-_Cadang;2025-12-13 09:37:27 UTC
LadyAyasophia;Wikimedia_Indonesia/Geodatathon_Desember_2025_-_Cadang;2025-12-15 03:56:59 UTC
Goldyfauhn;Wikimedia_Indonesia/Geodatathon_Desember_2025_-_Cadang;2025-12-15 10:43:40 UTC
Scarzmouche;Wikimedia_Indonesia/Geodatathon_Desember_2025_-_Cadang;2024-01-04 16:06:21 UTC
Hirahusnul;Wikimedia_Indonesia/Geodatathon_Desember_2025_-_Cadang;2025-11-08 14:05:24 UTC
Ibrohim tijani;Wikimedia_Indonesia/Geodatathon_Desember_2025_-_Cadang;2025-10-25 12:20:55 UTC
Inagus;Wikimedia_Indonesia/Geodatathon_Desember_2025_-_Cadang;2019-11-02 07:52:08 UTC
Nafisathallah;Wikimedia_Indonesia/Wikilatih_Wikidata_BPS_Sumut;2020-07-30 12:15:58 UTC
Lim Natee;Wikimedia_Indonesia/Wikilatih_Wikidata_BPS_Sumut;2021-06-16 18:11:08 UTC
Dyalim;Wikimedia_Indonesia/Wikilatih_Wikidata_BPS_Sumut;2023-01-11 05:13:18 UTC
Papa Diddy;Wikimedia_Indonesia/Wikilatih_Wikidata_BPS_Sumut;2024-10-09 01:46:14 UTC
Blueshean;Wikimedia_Indonesia/Wikilatih_Wikidata_BPS_Sumut;2025-08-13 15:14:06 UTC
Hanakupi;Wikimedia_Indonesia/Wikilatih_Wikidata_BPS_Sumut;2025-10-26 03:13:29 UTC
Lu'lu' Yolanda Putri;Wikimedia_Indonesia/Wikilatih_Wikidata_BPS_Sumut;2025-10-24 00:45:47 UTC
Dinda0508;Wikimedia_Indonesia/Wikilatih_Wikidata_BPS_Sumut;2026-01-09 04:48:12 UTC
Anastasya Theo;Wikimedia_Indonesia/Wikilatih_Wikidata_BPS_Sumut;2026-01-10 05:37:11 UTC
Fivi Syahfitri;Wikimedia_Indonesia/Wikilatih_Wikidata_BPS_Sumut;2025-12-23 08:17:45 UTC
Mafizi Shadow;Wikimedia_Indonesia/Wikilatih_Wikidata_BPS_Sumut;2025-12-29 01:25:37 UTC
Mocia;Wikimedia_Indonesia/Wikilatih_Wikidata_BPS_Sumut;2013-02-20 21:32:13 UTC
Aqila rahmi;Wikimedia_Indonesia/Wikilatih_Wikidata_BPS_Sumut;2026-01-10 03:14:00 UTC
Zhilal Darma;Wikimedia_Indonesia/Wikilatih_Wikidata_Padang_18_Januari_2025;2018-09-25 06:17:31 UTC
Triwahyuni.o;Wikimedia_Indonesia/Wikilatih_Wikidata_Padang_18_Januari_2025;2022-09-23 02:33:47 UTC
Nabilla Amirah;Wikimedia_Indonesia/Wikilatih_Wikidata_Padang_18_Januari_2025;2025-01-05 06:35:28 UTC
Rfadilla;Wikimedia_Indonesia/Wikilatih_Wikidata_Padang_18_Januari_2025;2025-05-14 04:19:13 UTC
Melani Nur Azizah;Wikimedia_Indonesia/Wikilatih_Wikidata_Padang_18_Januari_2025;2025-05-18 08:57:45 UTC
Laila Nasution;Wikimedia_Indonesia/Wikilatih_Wikidata_Padang_18_Januari_2025;2025-09-09 11:29:44 UTC
DwiFidratul;Wikimedia_Indonesia/Wikilatih_Wikidata_Padang_18_Januari_2025;2025-06-26 11:35:02 UTC
Diarahmaa;Wikimedia_Indonesia/Wikilatih_Wikidata_Padang_18_Januari_2025;2025-06-26 11:09:24 UTC
Mislaura Vani;Wikimedia_Indonesia/Wikilatih_Wikidata_Padang_18_Januari_2025;2025-09-25 12:35:46 UTC
EDITIAWARMAN;Wikimedia_Indonesia/Wikilatih_Wikidata_Padang_18_Januari_2025;2026-01-10 14:28:18 UTC
Wahyu Rahmat Ilahi;Wikimedia_Indonesia/Wikilatih_Wikidata_Padang_18_Januari_2025;2025-05-30 03:18:11 UTC
Mirasusanti12345;Wikimedia_Indonesia/Wikilatih_Wikidata_Padang_18_Januari_2025;2026-01-18 04:48:51 UTC
Aya2201;Wikimedia_Indonesia/Wikilatih_Wikidata_Padang_18_Januari_2025;2026-01-18 05:30:27 UTC
Syahrul pembelajar;Wikimedia_Indonesia/Wikilatih_Wikidata_Padang_18_Januari_2025;2026-01-10 14:15:20 UTC
Rickyimadia;Wikimedia_Indonesia/Wikilatih_Wikidata_Padang_18_Januari_2025;2026-01-10 02:15:02 UTC
Icayunisarm;Wikimedia_Indonesia/Wikilatih_Wikidata_Padang_18_Januari_2025;2025-05-29 04:14:06 UTC
Budialen65;Wikimedia_Indonesia/Wikilatih_Wikidata_Padang_18_Januari_2025;2026-01-09 16:32:29 UTC
Ecamirna;Wikimedia_Indonesia/Wikilatih_Wikidata_Padang_18_Januari_2025;2026-01-09 16:09:32 UTC
Ekahei;Wikimedia_Indonesia/Wikilatih_Wikidata_Padang_18_Januari_2025;2026-01-12 07:44:01 UTC
Losstreak;Wikimedia_Indonesia/Wikilatih_Wikidata_Bangka_Belitung_Januari_2026;2022-11-21 07:22:21 UTC
Eccyjermany;Wikimedia_Indonesia/Wikilatih_Wikidata_Bangka_Belitung_Januari_2026;2026-01-16 03:35:01 UTC
Mobilelegendbangbang;Wikimedia_Indonesia/Wikilatih_Wikidata_Bangka_Belitung_Januari_2026;2026-01-18 03:37:49 UTC
Edo Alamsyah;Wikimedia_Indonesia/Wikilatih_Wikidata_Bangka_Belitung_Januari_2026;2026-01-12 15:08:26 UTC
Asepkarbuu;Wikimedia_Indonesia/Wikilatih_Wikidata_Bangka_Belitung_Januari_2026;2026-01-18 03:41:44 UTC
Elsa Firlya;Wikimedia_Indonesia/Wikilatih_Wikidata_Bangka_Belitung_Januari_2026;2026-01-08 04:27:56 UTC
Radsfarda;Wikimedia_Indonesia/Wikilatih_Wikidata_Bangka_Belitung_Januari_2026;2026-01-18 02:10:52 UTC
Xiezyun;Wikimedia_Indonesia/Wikilatih_Wikidata_Bangka_Belitung_Januari_2026;2026-01-17 14:56:50 UTC
Deliissss;Wikimedia_Indonesia/Wikilatih_Wikidata_Bangka_Belitung_Januari_2026;2026-01-18 03:32:17 UTC
Waaawaaa;Wikimedia_Indonesia/Wikilatih_Wikidata_Bangka_Belitung_Januari_2026;2026-01-15 05:09:14 UTC
Vina Syahruni;Wikimedia_Indonesia/Wikilatih_Wikidata_Bangka_Belitung_Januari_2026;2026-01-15 15:29:53 UTC
Sitiliza;Wikimedia_Indonesia/Wikilatih_Wikidata_Bangka_Belitung_Januari_2026;2026-01-15 12:47:46 UTC
Zam Zam Islamy;Wikimedia_Indonesia/Wikilatih_Wikidata_Bangka_Belitung_Januari_2026;2026-01-09 04:25:42 UTC
Muhammad Zaki Ariza;Wikimedia_Indonesia/Wikilatih_Wikidata_Bangka_Belitung_Januari_2026;2026-01-08 14:28:49 UTC
Amruelasaa;Wikimedia_Indonesia/Wikilatih_Wikidata_Bangka_Belitung_Januari_2026;2026-01-18 00:48:09 UTC
Noirick;Wikimedia_Indonesia/Wikilatih_Wikidata_Bangka_Belitung_Januari_2026;2026-01-18 03:45:03 UTC
Lylyblee;Wikimedia_Indonesia/Wikilatih_Wikidata_Bangka_Belitung_Januari_2026;2026-01-12 16:01:04 UTC
Vdtmp;Wikimedia_Indonesia/Wikilatih_Wikidata_Bangka_Belitung_Januari_2026;2026-01-18 03:35:22 UTC
Affandy Murad;Wikimedia_Indonesia/Kopdar_Wikidata_Daluring_Jambi_x_Jakarta_Januari_2025;2008-06-30 12:36:43 UTC
Muhamad Izzul Fiqih;Wikimedia_Indonesia/Kopdar_Wikidata_Daluring_Jambi_x_Jakarta_Januari_2025;2022-06-11 08:06:37 UTC
Pitchrigi;Wikimedia_Indonesia/Kopdar_Wikidata_Daluring_Jambi_x_Jakarta_Januari_2025;2023-06-03 15:30:03 UTC
Dho Hindun;Wikimedia_Indonesia/Kopdar_Wikidata_Daluring_Jambi_x_Jakarta_Januari_2025;2025-05-26 12:13:18 UTC
Iluvtari;Wikimedia_Indonesia/Kopdar_Wikidata_Daluring_Jambi_x_Jakarta_Januari_2025;2025-05-26 08:48:44 UTC
YOGI NUGRAHA PUTRA;Wikimedia_Indonesia/Kopdar_Wikidata_Daluring_Jambi_x_Jakarta_Januari_2025;2025-03-23 10:24:58 UTC
Kreasipenaikhwan;Wikimedia_Indonesia/Kopdar_Wikidata_Daluring_Jambi_x_Jakarta_Januari_2025;2026-01-15 09:56:53 UTC
Gemoy emes;Wikimedia_Indonesia/Kopdar_Wikidata_Daluring_Jambi_x_Jakarta_Januari_2025;2025-12-21 09:23:11 UTC
Arkadaş Li;Wikimedia_Indonesia/Kopdar_Wikidata_Daluring_Jambi_x_Jakarta_Januari_2025;2026-01-15 11:15:39 UTC
Zaara wylie;Wikimedia_Indonesia/Kopdar_Wikidata_Daluring_Jambi_x_Jakarta_Januari_2025;2026-01-16 18:02:52 UTC
NurraCealo79;Wikimedia_Indonesia/Kopdar_Wikidata_Daluring_Jambi_x_Jakarta_Januari_2025;2026-01-16 06:19:40 UTC
Ika Y. Suryadi;Wikimedia_Indonesia/Kopdar_Wikidata_Daluring_Jambi_x_Jakarta_Januari_2025;2023-01-12 02:41:15 UTC
Akusukabayam;Wikimedia_Indonesia/Kopdar_Wikidata_Daluring_Jambi_x_Jakarta_Januari_2025;2026-01-25 03:10:30 UTC
Bang Muk;Wikimedia_Indonesia/Kopdar_Wikidata_Daluring_Jambi_x_Jakarta_Januari_2025;2026-01-25 03:04:15 UTC
ArifMaiZam1001;Wikimedia_Indonesia/Kopdar_Wikidata_Daluring_Jambi_x_Jakarta_Januari_2025;2026-01-24 00:08:54 UTC
Ridwan Sugara;Wikimedia_Indonesia/Kopdar_Wikidata_Daluring_Jambi_x_Jakarta_Januari_2025;2026-01-25 02:59:51 UTC
Chevi absyar;Wikimedia_Indonesia/Wikilatih_Wikidata_YBLI;2025-11-10 06:48:42 UTC
Sygrayem;Wikimedia_Indonesia/Datathon_Musik_Indonesia;2014-12-17 13:11:20 UTC
Empat Tilda;Wikimedia_Indonesia/Datathon_Musik_Indonesia;2018-02-13 11:25:35 UTC
Ah.Masyhar;Wikimedia_Indonesia/Datathon_Musik_Indonesia;2021-10-09 13:13:51 UTC
Mery Nurfa Dilla;Wikimedia_Indonesia/Datathon_Musik_Indonesia;2021-10-24 06:16:42 UTC
Nurhidayah Tanjung;Wikimedia_Indonesia/Datathon_Musik_Indonesia;2020-02-04 12:06:12 UTC
Rizall 91202;Wikimedia_Indonesia/Datathon_Musik_Indonesia;2023-01-01 03:09:15 UTC
Annidafattiya;Wikimedia_Indonesia/Datathon_Musik_Indonesia;2023-03-13 12:01:15 UTC
Happywu;Wikimedia_Indonesia/Datathon_Musik_Indonesia;2023-12-07 15:52:47 UTC
Muufii;Wikimedia_Indonesia/Datathon_Musik_Indonesia;2024-06-27 08:34:34 UTC
Kume Gucci;Wikimedia_Indonesia/Datathon_Musik_Indonesia;2024-06-08 06:58:38 UTC
Afdhal Sy;Wikimedia_Indonesia/Datathon_Musik_Indonesia;2024-09-22 13:24:56 UTC
Pluviophille;Wikimedia_Indonesia/Datathon_Musik_Indonesia;2025-08-14 02:57:26 UTC
Anita Basyaiban;Wikimedia_Indonesia/Datathon_Musik_Indonesia;2026-01-30 03:56:18 UTC
Untari120;Wikimedia_Indonesia/Wikilatih_Wikidata_BRIN;2021-11-23 12:45:35 UTC
Mareginak;Wikimedia_Indonesia/Wikilatih_Wikidata_BRIN;2026-03-03 01:24:29 UTC
Anjarilham123;Wikimedia_Indonesia/Wikilatih_Wikidata_BRIN;2026-03-03 01:12:46 UTC
D4T4KU35;Wikimedia_Indonesia/Wikilatih_Wikidata_BRIN;2026-03-02 01:43:15 UTC
Ahma042;Wikimedia_Indonesia/Wikilatih_Wikidata_BRIN;2026-03-02 14:25:23 UTC
Arnutara;Wikimedia_Indonesia/Wikilatih_Wikidata_BRIN;2026-03-03 01:56:05 UTC
Rulilin;Wikimedia_Indonesia/Wikilatih_Wikidata_BRIN;2026-03-03 01:42:32 UTC
Datalaya;Wikimedia_Indonesia/Wikilatih_Wikidata_BRIN;2026-03-02 01:52:06 UTC
Jaen19680519;Wikimedia_Indonesia/Wikilatih_Wikidata_BRIN;2026-03-03 02:07:11 UTC
Savirard;Wikimedia_Indonesia/Wikilatih_Wikidata_BRIN;2026-03-03 02:11:40 UTC
Rizzal87;Wikimedia_Indonesia/Wikilatih_Wikidata_BRIN;2026-03-03 01:49:47 UTC
Data2ku;Wikimedia_Indonesia/Wikilatih_Wikidata_BRIN;2026-03-03 01:15:56 UTC
Dhee03;Wikimedia_Indonesia/Wikilatih_Wikidata_BRIN;2026-03-03 01:38:50 UTC
Hetha23;Wikimedia_Indonesia/Wikilatih_Wikidata_BRIN;2026-03-03 01:40:26 UTC
Ikanarwana;Wikimedia_Indonesia/Wikilatih_Wikidata_BRIN;2026-03-02 02:17:37 UTC
EendR;Wikimedia_Indonesia/Wikilatih_Wikidata_BRIN;2026-03-03 01:48:56 UTC
LisdaRahayu;Wikimedia_Indonesia/Wikilatih_Wikidata_BRIN;2026-03-02 04:25:58 UTC
Noerda;Wikimedia_Indonesia/Wikilatih_Wikidata_BRIN;2026-03-03 01:34:57 UTC
TripleteHunter;Wikimedia_Indonesia/Wikilatih_Wikidata_BRIN;2026-03-02 02:22:24 UTC
Kolaktape;Wikimedia_Indonesia/Wikilatih_Wikidata_BRIN;2026-03-03 02:01:25 UTC
Lawangsewu;Wikimedia_Indonesia/Wikilatih_Wikidata_BRIN;2026-03-03 01:57:43 UTC
Kupunyadata;Wikimedia_Indonesia/Wikilatih_Wikidata_BRIN;2026-03-02 01:45:22 UTC
N.imaema;Wikimedia_Indonesia/Wikilatih_Wikidata_Madura_29_Maret;2023-02-20 03:51:39 UTC
Butterfly Beauty2003;Wikimedia_Indonesia/Wikilatih_Wikidata_Madura_29_Maret;2024-01-21 02:13:25 UTC
Hainisyaf;Wikimedia_Indonesia/Wikilatih_Wikidata_Madura_29_Maret;2024-03-03 03:50:26 UTC
Sastranap;Wikimedia_Indonesia/Wikilatih_Wikidata_Madura_29_Maret;2024-03-03 02:31:29 UTC
Exdhar;Wikimedia_Indonesia/Wikilatih_Wikidata_Madura_29_Maret;2024-04-19 13:04:54 UTC
Ahmedsheeran;Wikimedia_Indonesia/Wikilatih_Wikidata_Madura_29_Maret;2025-11-06 21:58:35 UTC
Ibrohim tijani;Wikimedia_Indonesia/Wikilatih_Wikidata_Madura_29_Maret;2025-10-25 12:20:55 UTC
Rara Kamiliya;Wikimedia_Indonesia/Wikilatih_Wikidata_Madura_29_Maret;2025-10-10 06:10:15 UTC
Shofiafiya;Wikimedia_Indonesia/Wikilatih_Wikidata_Madura_29_Maret;2026-03-15 07:58:19 UTC
Thalassophile;Wikimedia_Indonesia/Wikilatih_Wikidata_Madura_29_Maret;2025-12-04 14:53:23 UTC
Malaa98;Wikimedia_Indonesia/Wikilatih_Wikidata_Madura_29_Maret;2026-03-15 09:16:21 UTC
Mry25;Wikimedia_Indonesia/Wikilatih_Wikidata_Madura_29_Maret;2026-03-15 10:55:36 UTC
Bararah;Wikimedia_Indonesia/Wikilatih_Wikidata_Madura_29_Maret;2026-03-12 15:37:22 UTC
Waqid;Wikimedia_Indonesia/Wikilatih_Wikidata_Madura_29_Maret;2020-01-27 19:50:42 UTC
Stenlyparker;Wikimedia_Indonesia/Wikilatih_Wikidata_Jakarta_31_Maret_2026;2026-03-31 07:41:54 UTC
Brownismatcha;Wikimedia_Indonesia/Wikilatih_Wikidata_Jakarta_31_Maret_2026;2026-03-31 07:57:42 UTC
Yamizo;Wikimedia_Indonesia/Wikilatih_Wikidata_Jakarta_31_Maret_2026;2026-01-20 02:46:09 UTC
SOOUW;Wikimedia_Indonesia/Wikilatih_Wikidata_Jakarta_31_Maret_2026;2026-01-20 02:47:11 UTC
Pastelcereal;Wikimedia_Indonesia/Wikilatih_Wikidata_Jakarta_31_Maret_2026;2026-03-31 07:53:48 UTC
Mihyaerukaiza;Wikimedia_Indonesia/Wikilatih_Wikidata_Jakarta_31_Maret_2026;2026-03-31 08:41:26 UTC
Daritadiaja;Wikimedia_Indonesia/Wikilatih_Wikidata_Jakarta_31_Maret_2026;2026-03-31 09:12:01 UTC
Fangtuah;Wikimedia_Indonesia/Wikilatih_Wikidata_Jakarta_31_Maret_2026;2026-03-31 07:47:30 UTC
Ading aja;Wikimedia_Indonesia/Wikilatih_Wikidata_Jakarta_31_Maret_2026;2026-03-31 07:57:59 UTC
Bangamatzy;Wikimedia_Indonesia/Wikilatih_Wikidata_Jakarta_31_Maret_2026;2026-01-20 02:49:02 UTC
Nasgorpekalongan99;Wikimedia_Indonesia/Wikilatih_Wikidata_Jakarta_31_Maret_2026;2026-03-31 07:47:17 UTC
Glize with;Wikimedia_Indonesia/Wikilatih_Wikidata_Jakarta_31_Maret_2026;2026-03-31 07:57:58 UTC
Mintaseratus;Wikimedia_Indonesia/Wikilatih_Wikidata_Jakarta_31_Maret_2026;2026-03-31 08:01:38 UTC
Bagilimaribu;Wikimedia_Indonesia/Wikilatih_Wikidata_Jakarta_31_Maret_2026;2026-03-31 08:01:46 UTC
Asfail1212;Wikimedia_Indonesia/Wikilatih_Wikidata_Jakarta_31_Maret_2026;2026-03-31 07:53:50 UTC
Mangusuyuppp1;Wikimedia_Indonesia/Wikilatih_Wikidata_Jakarta_31_Maret_2026;2026-03-31 07:44:54 UTC
Ucupphexa;Wikimedia_Indonesia/Wikilatih_Wikidata_Jakarta_31_Maret_2026;2026-03-31 07:36:55 UTC
Noursdlly;Wikimedia_Indonesia/Wikilatih_Wikidata_Banjarnegara;2024-06-28 08:44:36 UTC
Sri aini;Wikimedia_Indonesia/Wikilatih_Wikidata_Banjarnegara;2021-07-14 16:54:39 UTC
Aghnisans;Wikimedia_Indonesia/Wikilatih_Wikidata_Banjarnegara;2024-09-29 04:23:24 UTC
TyoAriSetiadi;Wikimedia_Indonesia/Wikilatih_Wikidata_Banjarnegara;2026-02-14 23:21:59 UTC
Ailymaheswari;Wikimedia_Indonesia/Wikilatih_Wikidata_Banjarnegara;2026-04-19 03:04:22 UTC
Amelia.marelle;Wikimedia_Indonesia/Wikilatih_Wikidata_Banjarnegara;2026-04-19 02:58:30 UTC
Anifatun Kh;Wikimedia_Indonesia/Wikilatih_Wikidata_Banjarnegara;2026-04-18 17:15:02 UTC
AuliaUr;Wikimedia_Indonesia/Wikilatih_Wikidata_Banjarnegara;2026-04-19 02:58:42 UTC
Dian Kusuma W;Wikimedia_Indonesia/Wikilatih_Wikidata_Banjarnegara;2026-04-19 04:34:22 UTC
Ifanach;Wikimedia_Indonesia/Wikilatih_Wikidata_Banjarnegara;2026-04-19 03:00:31 UTC
Kepin123;Wikimedia_Indonesia/Wikilatih_Wikidata_Banjarnegara;2026-04-20 04:29:20 UTC
Kfyaa;Wikimedia_Indonesia/Wikilatih_Wikidata_Banjarnegara;2023-04-15 13:18:26 UTC
Khuluqul afyz;Wikimedia_Indonesia/Wikilatih_Wikidata_Banjarnegara;2026-04-18 17:49:55 UTC
Nurmalalala;Wikimedia_Indonesia/Wikilatih_Wikidata_Banjarnegara;2026-04-19 02:58:33 UTC
Rochman Zamani;Wikimedia_Indonesia/Wikilatih_Wikidata_Banjarnegara;2024-10-27 00:29:00 UTC
Rwants27;Wikimedia_Indonesia/Wikilatih_Wikidata_Banjarnegara;2026-04-19 03:09:11 UTC
SERLI MUBAROKAH;Wikimedia_Indonesia/Wikilatih_Wikidata_Banjarnegara;2026-04-19 03:00:34 UTC
Umifatt;Wikimedia_Indonesia/Wikilatih_Wikidata_Banjarnegara;2026-04-18 16:54:57 UTC
Rahmie Sabine;Wikimedia_Indonesia/Datathon_Bulan_Wiki_Perempuan_2026;2020-08-10 16:22:02 UTC
Fakhruddin Arrazzi;Wikimedia_Indonesia/Datathon_Bulan_Wiki_Perempuan_2026;2019-10-06 14:51:42 UTC
Ah.Masyhar;Wikimedia_Indonesia/Datathon_Bulan_Wiki_Perempuan_2026;2021-10-09 13:13:51 UTC
Mery Nurfa Dilla;Wikimedia_Indonesia/Datathon_Bulan_Wiki_Perempuan_2026;2021-10-24 06:16:42 UTC
Nurhidayah Tanjung;Wikimedia_Indonesia/Datathon_Bulan_Wiki_Perempuan_2026;2020-02-04 12:06:12 UTC
Alicya-;Wikimedia_Indonesia/Datathon_Bulan_Wiki_Perempuan_2026;2019-12-03 03:42:36 UTC
Hasnanf;Wikimedia_Indonesia/Datathon_Bulan_Wiki_Perempuan_2026;2022-11-03 11:45:07 UTC
Radramboo;Wikimedia_Indonesia/Datathon_Bulan_Wiki_Perempuan_2026;2022-08-27 10:06:38 UTC
Seeharee;Wikimedia_Indonesia/Datathon_Bulan_Wiki_Perempuan_2026;2022-12-14 12:50:22 UTC
Dyalim;Wikimedia_Indonesia/Datathon_Bulan_Wiki_Perempuan_2026;2023-01-11 05:13:18 UTC
Fardhanzlf;Wikimedia_Indonesia/Datathon_Bulan_Wiki_Perempuan_2026;2023-02-24 18:36:58 UTC
N.imaema;Wikimedia_Indonesia/Datathon_Bulan_Wiki_Perempuan_2026;2023-02-20 03:51:39 UTC
Cgjkldn;Wikimedia_Indonesia/Datathon_Bulan_Wiki_Perempuan_2026;2022-03-22 12:58:31 UTC
OwlyKnight;Wikimedia_Indonesia/Datathon_Bulan_Wiki_Perempuan_2026;2022-09-16 06:42:02 UTC
Sansabit;Wikimedia_Indonesia/Datathon_Bulan_Wiki_Perempuan_2026;2024-05-19 03:38:44 UTC
Ratri Ayumsari;Wikimedia_Indonesia/Datathon_Bulan_Wiki_Perempuan_2026;2024-11-04 15:15:38 UTC
Ris00l may00;Wikimedia_Indonesia/Datathon_Bulan_Wiki_Perempuan_2026;2024-12-05 06:16:43 UTC
Sekar Jarwo Soekarno;Wikimedia_Indonesia/Datathon_Bulan_Wiki_Perempuan_2026;2024-06-20 04:14:58 UTC
Afdhal Sy;Wikimedia_Indonesia/Datathon_Bulan_Wiki_Perempuan_2026;2024-09-22 13:24:56 UTC
Tika Yulia;Wikimedia_Indonesia/Datathon_Bulan_Wiki_Perempuan_2026;
Ahmedsheeran;Wikimedia_Indonesia/Datathon_Bulan_Wiki_Perempuan_2026;2025-11-06 21:58:35 UTC
Ars-arsa;Wikimedia_Indonesia/Datathon_Bulan_Wiki_Perempuan_2026;2025-12-07 06:55:40 UTC
Adhiiik;Wikimedia_Indonesia/Datathon_Bulan_Wiki_Perempuan_2026;2025-12-16 03:50:45 UTC
Diaryharumpuspita;Wikimedia_Indonesia/Datathon_Bulan_Wiki_Perempuan_2026;2025-12-08 06:25:16 UTC
Anita Basyaiban;Wikimedia_Indonesia/Datathon_Bulan_Wiki_Perempuan_2026;2026-01-30 03:56:18 UTC
Sarieffe;Wikimedia_Indonesia/Datathon_Bulan_Wiki_Perempuan_2026;2026-01-31 13:18:30 UTC
Pangesti Dewi Letari;Wikimedia_Indonesia/Datathon_Bulan_Wiki_Perempuan_2026;2026-02-15 01:21:43 UTC
Nurania;Wikimedia_Indonesia/Datathon_Bulan_Wiki_Perempuan_2026;2026-04-23 01:18:44 UTC
Salmaqilahz;Wikimedia_Indonesia/Datathon_Bulan_Wiki_Perempuan_2026;
Alykarina;Wikimedia_Indonesia/Datathon_Bulan_Wiki_Perempuan_2026;2026-02-16 04:42:55 UTC
Eka Aprilia Fajrin;Wikimedia_Indonesia/Datathon_Bulan_Wiki_Perempuan_2026;2026-04-22 08:04:35 UTC
Rahmatdenas;Wikimedia_Indonesia/Wikilatih_Wikidata_Yogyakarta_2026;2011-06-06 11:31:47 UTC
Sam Hidayat;Wikimedia_Indonesia/Wikilatih_Wikidata_Yogyakarta_2026;2017-12-28 05:51:25 UTC
Fhikri Latifi;Wikimedia_Indonesia/Wikilatih_Wikidata_Yogyakarta_2026;2024-07-13 11:48:22 UTC
Yuliarp;Wikimedia_Indonesia/Wikilatih_Wikidata_Yogyakarta_2026;2024-09-27 08:43:19 UTC
Ris00l may00;Wikimedia_Indonesia/Wikilatih_Wikidata_Yogyakarta_2026;2024-12-05 06:16:43 UTC
Novita02;Wikimedia_Indonesia/Wikilatih_Wikidata_Yogyakarta_2026;2025-02-21 07:48:58 UTC
Suga Widi;Wikimedia_Indonesia/Wikilatih_Wikidata_Yogyakarta_2026;2025-04-27 15:05:34 UTC
Kiaryabagusadiwardana;Wikimedia_Indonesia/Wikilatih_Wikidata_Yogyakarta_2026;2024-12-30 10:37:10 UTC
Afifah Al Adzkiya;Wikimedia_Indonesia/Wikilatih_Wikidata_Yogyakarta_2026;2025-12-01 08:00:35 UTC
Annafinanda;Wikimedia_Indonesia/Wikilatih_Wikidata_Yogyakarta_2026;2025-10-14 12:40:53 UTC
FaradillaLala12;Wikimedia_Indonesia/Wikilatih_Wikidata_Yogyakarta_2026;2026-04-26 03:17:51 UTC
Benabrid;Wikimedia_Indonesia/Wikilatih_Wikidata_Yogyakarta_2026;2026-02-11 16:11:25 UTC
Fauzan Bimo;Wikimedia_Indonesia/Wikilatih_Wikidata_Yogyakarta_2026;2026-04-26 03:31:30 UTC
GilangCahyo;Wikimedia_Indonesia/Wikilatih_Wikidata_Yogyakarta_2026;2024-01-18 14:41:40 UTC
Menariq15;Wikimedia_Indonesia/Wikilatih_Wikidata_Yogyakarta_2026;2026-04-26 03:25:02 UTC
Fazi Alfara;Wikimedia_Indonesia/Wikilatih_Wikidata_Yogyakarta_2026;2026-04-26 03:36:42 UTC
Muhammad Ali Zabar;Wikimedia_Indonesia/Pemagangan_Datatek_April_2026;2025-02-21 13:50:24 UTC
Rahmatdenas;Wikimedia_Indonesia/Kopdar_Wikidata_Yogyakarta_24_Mei_2026;2011-06-06 11:31:47 UTC
Putriuzdahw;Wikimedia_Indonesia/Kopdar_Wikidata_Yogyakarta_24_Mei_2026;2022-01-03 12:04:27 UTC
WanaraLima;Wikimedia_Indonesia/Kopdar_Wikidata_Yogyakarta_24_Mei_2026;2022-04-05 04:44:12 UTC
Fhikri Latifi;Wikimedia_Indonesia/Kopdar_Wikidata_Yogyakarta_24_Mei_2026;2024-07-13 11:48:22 UTC
Candramawa99;Wikimedia_Indonesia/Kopdar_Wikidata_Yogyakarta_24_Mei_2026;2024-03-05 13:37:06 UTC
Ris00l may00;Wikimedia_Indonesia/Kopdar_Wikidata_Yogyakarta_24_Mei_2026;2024-12-05 06:16:43 UTC
Nasudi;Wikimedia_Indonesia/Kopdar_Wikidata_Yogyakarta_24_Mei_2026;2025-05-17 05:51:41 UTC
Muhamad Fahrizal Leo Pratama;Wikimedia_Indonesia/Kopdar_Wikidata_Yogyakarta_24_Mei_2026;2025-07-21 03:16:53 UTC
Maulana N Iz;Wikimedia_Indonesia/Kopdar_Wikidata_Yogyakarta_24_Mei_2026;2025-05-12 03:34:39 UTC
Annafinanda;Wikimedia_Indonesia/Kopdar_Wikidata_Yogyakarta_24_Mei_2026;2025-10-14 12:40:53 UTC
FaradillaLala12;Wikimedia_Indonesia/Kopdar_Wikidata_Yogyakarta_24_Mei_2026;2026-04-26 03:17:51 UTC
Zakaria;Wikimedia_Indonesia/Kopdar_Wikidata_Yogyakarta_24_Mei_2026;2018-02-26 07:41:29 UTC
Waleed.butt0025;Wikimedia_Indonesia/Kopdar_Wikidata_Yogyakarta_24_Mei_2026;2014-07-14 21:35:54 UTC
Mechaenjoyed;Wikimedia_Indonesia/Kopdar_Wikidata_Padang_24_Mei_2026;2018-12-17 13:31:26 UTC
Fakhruddin Arrazzi;Wikimedia_Indonesia/Kopdar_Wikidata_Padang_24_Mei_2026;2019-10-06 14:51:42 UTC
Syurida;Wikimedia_Indonesia/Kopdar_Wikidata_Padang_24_Mei_2026;2024-01-27 17:42:00 UTC
Tisa0603;Wikimedia_Indonesia/Kopdar_Wikidata_Padang_24_Mei_2026;2024-02-04 03:05:57 UTC
Sandi rambe;Wikimedia_Indonesia/Kopdar_Wikidata_Padang_24_Mei_2026;2024-06-28 17:41:04 UTC
Laila Nasution;Wikimedia_Indonesia/Kopdar_Wikidata_Padang_24_Mei_2026;2025-09-09 11:29:44 UTC
DwiFidratul;Wikimedia_Indonesia/Kopdar_Wikidata_Padang_24_Mei_2026;2025-06-26 11:35:02 UTC
Nadia Erwanda;Wikimedia_Indonesia/Kopdar_Wikidata_Padang_24_Mei_2026;2024-11-26 10:28:34 UTC
Firman Rusda;Wikimedia_Indonesia/Kopdar_Wikidata_Padang_24_Mei_2026;2025-05-21 14:30:49 UTC
Muhammad Rivanza Putra Ilmar;Wikimedia_Indonesia/Kopdar_Wikidata_Padang_24_Mei_2026;2026-02-03 16:51:52 UTC
Naila Fathinah;Wikimedia_Indonesia/Kopdar_Wikidata_Padang_24_Mei_2026;2026-05-05 06:04:46 UTC
Naelaa;Wikimedia_Indonesia/Kopdar_Wikidata_Padang_24_Mei_2026;2025-09-09 04:05:13 UTC
Yola61;Wikimedia_Indonesia/Wikilatih_Wikidata_Kehutanan_UNSRAT;2026-05-21 01:09:15 UTC
Yulis2026;Wikimedia_Indonesia/Wikilatih_Wikidata_Kehutanan_UNSRAT;2026-05-19 05:09:08 UTC
Eunike Potu;Wikimedia_Indonesia/Wikilatih_Wikidata_Kehutanan_UNSRAT;2026-05-19 04:55:17 UTC
Esra Situmorang;Wikimedia_Indonesia/Wikilatih_Wikidata_Kehutanan_UNSRAT;2026-05-19 04:47:29 UTC
Baby2026;Wikimedia_Indonesia/Wikilatih_Wikidata_Kehutanan_UNSRAT;2026-05-21 00:27:49 UTC
Resky Tora Madoli;Wikimedia_Indonesia/Wikilatih_Wikidata_Kehutanan_UNSRAT;2026-05-19 23:24:34 UTC
Wawan2828;Wikimedia_Indonesia/Wikilatih_Wikidata_Kehutanan_UNSRAT;2026-05-19 03:57:22 UTC
Rtiabakona;Wikimedia_Indonesia/Wikilatih_Wikidata_Kehutanan_UNSRAT;2026-05-19 13:59:48 UTC
KikiFajrianty09;Wikimedia_Indonesia/Wikilatih_Wikidata_Kehutanan_UNSRAT;2026-05-19 04:01:45 UTC
Euispangemanan;Wikimedia_Indonesia/Wikilatih_Wikidata_Kehutanan_UNSRAT;2026-05-19 03:40:33 UTC
Meguuusa;Wikimedia_Indonesia/Wikilatih_Wikidata_Kehutanan_UNSRAT;2026-05-19 09:37:52 UTC
Kazushiki;Wikimedia_Indonesia/Wikilatih_Wikidata_Kehutanan_UNSRAT;2026-05-20 22:06:28 UTC
Putradrwin;Wikimedia_Indonesia/Wikilatih_Wikidata_Kehutanan_UNSRAT;2026-05-19 11:50:51 UTC
Putri Arianti Daeng Mulisa;Wikimedia_Indonesia/Wikilatih_Wikidata_Kehutanan_UNSRAT;2026-05-19 03:32:37 UTC
Raflinoer32;Wikimedia_Indonesia/Kopdar_Wikidata_Bandung_7_Juni_2026;2021-03-23 05:37:22 UTC
Mirani Pramitasari;Wikimedia_Indonesia/Kopdar_Wikidata_Bandung_7_Juni_2026;2021-09-12 14:03:17 UTC
Pijri Paijar;Wikimedia_Indonesia/Kopdar_Wikidata_Bandung_7_Juni_2026;2021-11-26 02:10:39 UTC
Hasnanf;Wikimedia_Indonesia/Kopdar_Wikidata_Bandung_7_Juni_2026;2022-11-03 11:45:07 UTC
Deepturquoise;Wikimedia_Indonesia/Kopdar_Wikidata_Bandung_7_Juni_2026;2019-12-26 13:22:54 UTC
Iripseudocorus;Wikimedia_Indonesia/Kopdar_Wikidata_Bandung_7_Juni_2026;2023-11-13 09:21:35 UTC
Nugi30;Wikimedia_Indonesia/Kopdar_Wikidata_Bandung_7_Juni_2026;2024-05-08 14:05:41 UTC
Sekar Jarwo Soekarno;Wikimedia_Indonesia/Kopdar_Wikidata_Bandung_7_Juni_2026;2024-06-20 04:14:58 UTC
Lemonwithices;Wikimedia_Indonesia/Kopdar_Wikidata_Bandung_7_Juni_2026;2025-07-13 03:04:11 UTC
Juragan Sembako;Wikimedia_Indonesia/Kopdar_Wikidata_Bandung_7_Juni_2026;2025-06-18 16:20:59 UTC
Alexpendria;Wikimedia_Indonesia/Kopdar_Wikidata_Bandung_7_Juni_2026;2025-09-25 00:06:50 UTC
Ardiishere;Wikimedia_Indonesia/Kopdar_Wikidata_Bandung_7_Juni_2026;2024-04-13 06:04:37 UTC
Aaajim;Wikimedia_Indonesia/Kopdar_Wikidata_Bandung_7_Juni_2026;2026-05-20 06:09:21 UTC
Zahradila;Wikimedia_Indonesia/Wikilatih_Wikidata_Semarang_21_Juni_2026;2024-10-01 06:33:56 UTC
Jannah N. Azizah;Wikimedia_Indonesia/Wikilatih_Wikidata_Semarang_21_Juni_2026;2026-06-19 09:23:14 UTC
KhalifaR5;Wikimedia_Indonesia/Wikilatih_Wikidata_Semarang_21_Juni_2026;2026-06-21 03:30:16 UTC
Romeromilki77;Wikimedia_Indonesia/Wikilatih_Wikidata_Semarang_21_Juni_2026;2026-06-20 03:43:33 UTC
Padmaraya;Wikimedia_Indonesia/Wikilatih_Wikidata_Semarang_21_Juni_2026;2026-06-17 01:42:49 UTC
Alrenasalsa;Wikimedia_Indonesia/Wikilatih_Wikidata_Semarang_21_Juni_2026;2026-06-20 00:29:58 UTC
Khalila Wafa Fadhila;Wikimedia_Indonesia/Wikilatih_Wikidata_Semarang_21_Juni_2026;2026-06-20 03:35:28 UTC
Inivirli;Wikimedia_Indonesia/Wikilatih_Wikidata_Semarang_21_Juni_2026;2026-06-20 03:41:07 UTC
Agavegaza20;Wikimedia_Indonesia/Wikilatih_Wikidata_Semarang_21_Juni_2026;2026-06-21 03:31:21 UTC
Zahra234;Wikimedia_Indonesia/Wikilatih_Wikidata_Semarang_21_Juni_2026;2026-06-21 03:30:20 UTC
Clysmic;Wikimedia_Indonesia/Wikilatih_Wikidata_Palembang_21_Juni_2026;2023-02-22 15:56:39 UTC
Who'sisthis;Wikimedia_Indonesia/Wikilatih_Wikidata_Palembang_21_Juni_2026;2025-03-03 14:36:35 UTC
Chenmay08;Wikimedia_Indonesia/Wikilatih_Wikidata_Palembang_21_Juni_2026;2025-09-02 03:48:12 UTC
Thataa1029;Wikimedia_Indonesia/Wikilatih_Wikidata_Palembang_21_Juni_2026;2025-11-18 05:54:37 UTC
Nangningnung;Wikimedia_Indonesia/Wikilatih_Wikidata_Palembang_21_Juni_2026;2026-04-07 01:07:58 UTC
Eisara;Wikimedia_Indonesia/Wikilatih_Wikidata_Palembang_21_Juni_2026;2008-09-23 00:30:47 UTC
Mariefrahman1;Wikimedia_Indonesia/Wikilatih_Wikidata_Palembang_21_Juni_2026;2026-06-18 06:32:10 UTC
Fransscoo01;Wikimedia_Indonesia/Wikilatih_Wikidata_Palembang_21_Juni_2026;2026-06-20 03:07:39 UTC
Hypothetical Journey;Wikimedia_Indonesia/Wikilatih_Wikidata_Palembang_21_Juni_2026;2026-06-19 12:01:45 UTC
Dinda Rintic Rose;Wikimedia_Indonesia/Wikilatih_Wikidata_Palembang_21_Juni_2026;2026-06-16 10:37:00 UTC
Tiqash;Wikimedia_Indonesia/Wikilatih_Wikidata_Palembang_21_Juni_2026;2026-06-16 11:39:25 UTC
27sarchives;Wikimedia_Indonesia/Wikilatih_Wikidata_Palembang_21_Juni_2026;2026-06-21 03:03:29 UTC
Sasa2510;Wikimedia_Indonesia/Wikilatih_Wikidata_Palembang_21_Juni_2026;2026-06-21 03:02:54 UTC
Matchabiya;Wikimedia_Indonesia/Wikilatih_Wikidata_Palembang_21_Juni_2026;2026-06-21 03:32:54 UTC