course_slug;title;institution;term;home_wiki;created_at;start_date;end_date;new_or_returning;editors;new_editors;articles_edited;articles_created;bytes_added;references_added;total_edits;mainspace_edits;article_talk_edits;userspace_edits;article_views;upload_count;uploads_used_in_articles;upload_usage_count_across_all_wikis;training_completion_rate
Wikimedia_Indonesia/Geodatathon_Agustus_2025;Geodatathon Agustus 2025;Wikimedia Indonesia;;www.wikidata.org;2025-08-22 14:46:47 UTC;2025-08-26 17:00:00 UTC;2025-08-29 16:59:00 UTC;returning_instructor;26;0;29165;843;72722530;54944;324843;4921;;;10746;6;3;4;01.00
Wikimedia_Indonesia/Kopdar_Wikidata_Padang_15_November_2025;Kopdar Wikidata Padang 15 November 2025;Wikimedia Indonesia;;www.wikidata.org;2025-11-10 03:41:49 UTC;2025-11-14 23:00:00 UTC;2025-11-15 23:00:00 UTC;returning_instructor;7;1;74;63;248570;0;650;650;;;1867;0;0;0;01.00
Wikimedia_Indonesia/Wikilatih_Wikidata_UISU_27_Oktober_2025;Wikilatih Wikidata UISU 27 Oktober 2025;Wikimedia Indonesia;;www.wikidata.org;2025-11-12 04:46:28 UTC;2025-10-26 23:00:00 UTC;2025-10-27 23:00:00 UTC;returning_instructor;18;18;21;20;61437;0;150;;;;640;0;0;0;01.00
Wikimedia_Indonesia/Kopdar_Wikimedia_Surabaya_20_November_2025_(20_November_2025);Kopdar Wikimedia Surabaya 20 November 2025;Wikimedia Indonesia;20-Nov-25;www.wikidata.org;2025-11-14 12:21:04 UTC;2025-11-19 22:00:00 UTC;2025-11-20 22:00:00 UTC;returning_instructor;10;0;30;1;21223;20;85;85;;;8508;0;0;0;01.00
Wikimedia_Indonesia/Wikilatih_Wikidata_UNAIR_21_November_2025;Wikilatih Wikidata UNAIR 21 November 2025;Wikimedia Indonesia;;www.wikidata.org;2025-11-14 12:26:09 UTC;2025-11-20 22:00:00 UTC;2025-11-21 22:00:00 UTC;returning_instructor;16;16;17;0;18982;4;122;91;;31;236;0;0;0;01.00
Wikimedia_Indonesia/Kopdar_Wikidata_Malang_5_Desember_2025;Kopdar Wikidata Malang 5 Desember 2025;Wikimedia Indonesia;;www.wikidata.org;2025-11-25 02:21:30 UTC;2025-12-04 22:00:00 UTC;2025-12-05 22:00:00 UTC;returning_instructor;9;2;13;1;15825;8;239;42;;;584;1;0;0;01.00
Wikimedia_Indonesia/Kopdar_Wikidata_Jakarta_14_Desember_2025_(14_Desember_2025);Kopdar Wikidata Jakarta 14 Desember 2025;Wikimedia Indonesia;14 Desember 2025;www.wikidata.org;2025-12-10 02:33:24 UTC;2025-12-13 15:00:00 UTC;2025-12-15 16:00:00 UTC;returning_instructor;12;1;129;0;114224;9;630;630;;;830;8;3;7;01.00
Wikimedia_Indonesia/Geodatathon_Desember_2025;Geodatathon Desember 2025;Wikimedia Indonesia;;www.wikidata.org;2025-12-13 03:08:06 UTC;2025-12-19 17:00:00 UTC;2025-12-22 16:59:00 UTC;returning_instructor;23;6;3106;2771;24726581;36145;9254;9103;;141;6057;21;16;17;01.00
Wikimedia_Indonesia/Wikilatih_Wikidata_Daring_untuk_Akademisi;Wikilatih Wikidata Daring untuk Akademisi;Wikimedia Indonesia;;www.wikidata.org;2025-12-17 02:59:13 UTC;2025-12-18 22:00:00 UTC;2025-12-19 22:00:00 UTC;returning_instructor;23;11;33;1;70212;71;199;165;;34;538;3;0;0;01.00
Wikimedia_Indonesia/Pemagangan_Datatek_Desember_2025;Pemagangan Datatek Desember 2025;Wikimedia Indonesia;;www.wikidata.org;2025-12-17 06:08:35 UTC;2025-12-14 17:00:00 UTC;2026-03-15 16:59:00 UTC;returning_instructor;1;1;38;17;97842;34;240;229;;8;1479;1;0;0;01.00
Wikimedia_Indonesia/Wikilatih_Wikidata_IDJN;Wikilatih Wikidata IDJN;Wikimedia Indonesia;;www.wikidata.org;2025-12-18 08:48:54 UTC;2025-08-28 22:00:00 UTC;2025-08-29 22:00:00 UTC;returning_instructor;4;4;0;0;0;0;0;;;;0;0;0;0;00.00
Wikimedia_Indonesia/Wikilatih_WIkidata_Telkom_University_Oktober_2025;Wikilatih WIkidata Telkom University Oktober 2025;Wikimedia Indonesia;;www.wikidata.org;2025-12-18 08:55:28 UTC;2025-10-03 22:00:00 UTC;2025-10-04 22:00:00 UTC;returning_instructor;10;9;0;0;0;0;0;;;;0;0;0;0;00.00
Wikimedia_Indonesia/Kopdar_Wikidata_Bandung_Oktober_2025;Kopdar Wikidata Bandung Oktober 2025;Wikimedia Indonesia;;www.wikidata.org;2025-12-18 09:10:48 UTC;2025-10-03 22:00:00 UTC;2025-10-04 22:00:00 UTC;returning_instructor;12;2;0;0;0;0;0;;;;0;0;0;0;00.00
Wikimedia_Indonesia/Geodatathon_Desember_2025_-_Cadang;Geodatathon Desember 2025 - Cadang;Wikimedia Indonesia;;www.wikidata.org;2025-12-23 07:32:26 UTC;2025-12-19 17:00:00 UTC;2025-12-22 16:59:00 UTC;returning_instructor;23;6;3106;2771;24726581;36145;9254;9103;;141;6039;21;16;17;01.00
Wikimedia_Indonesia/Wikilatih_Wikidata_BPS_Sumut;Wikilatih Wikidata BPS Sumut;Wikimedia Indonesia;;www.wikidata.org;2026-01-09 02:14:52 UTC;2026-01-09 22:00:00 UTC;2026-01-10 22:00:00 UTC;returning_instructor;13;7;24;6;31781;6;135;117;;18;576;0;0;0;01.00
Wikimedia_Indonesia/Wikilatih_Wikidata_Padang_18_Januari_2025;Wikilatih Wikidata Padang 18 Januari 2025;Wikimedia Indonesia;;www.wikidata.org;2026-01-15 02:10:49 UTC;2026-01-17 22:00:00 UTC;2026-01-18 22:00:00 UTC;returning_instructor;19;10;157;71;359926;3;977;977;;;2358;1;1;1;01.00
Wikimedia_Indonesia/Wikilatih_Wikidata_Bangka_Belitung_Januari_2026;Wikilatih Wikidata Bangka Belitung Januari 2026;Wikimedia Indonesia;;www.wikidata.org;2026-01-15 02:16:45 UTC;2026-01-17 22:00:00 UTC;2026-01-18 22:00:00 UTC;returning_instructor;18;17;32;30;113921;39;329;329;;;412;0;0;0;01.00
Wikimedia_Indonesia/Kopdar_Wikidata_Daluring_Jambi_x_Jakarta_Januari_2025;Kopdar Wikidata Daluring Jambi x Jakarta Januari 2025;Wikimedia Indonesia;;www.wikidata.org;2026-01-20 05:50:41 UTC;2026-01-24 22:00:00 UTC;2026-01-25 22:00:00 UTC;returning_instructor;16;9;161;0;90647;0;284;284;;;829;0;0;0;01.00
Wikimedia_Indonesia/Wikilatih_Wikidata_YBLI;Wikilatih Wikidata YBLI;Wikimedia Indonesia;;www.wikidata.org;2026-01-22 06:23:51 UTC;2026-01-21 22:00:00 UTC;2026-01-22 22:00:00 UTC;returning_instructor;1;1;0;0;0;0;6;;;6;0;0;0;0;01.00
Wikimedia_Indonesia/Datathon_Musik_Indonesia;Datathon Musik Indonesia;Wikimedia Indonesia;;www.wikidata.org;2026-01-27 03:23:52 UTC;2026-01-28 17:00:00 UTC;2026-01-31 16:59:00 UTC;returning_instructor;13;1;633;568;3146455;2315;6821;6827;;1;4460;2;0;0;01.00
Wikimedia_Indonesia/Wikilatih_Wikidata_BRIN;Wikilatih Wikidata BRIN;Wikimedia Indonesia;;www.wikidata.org;2026-03-02 03:51:04 UTC;2026-03-02 22:00:00 UTC;2026-03-03 22:00:00 UTC;returning_instructor;22;21;46;23;198666;70;633;572;;63;1076;0;0;0;01.00
Wikimedia_Indonesia/Wikilatih_Wikidata_Madura_29_Maret;Wikilatih Wikidata Madura 29 Maret;Wikimedia Indonesia;;www.wikidata.org;2026-03-30 02:29:49 UTC;2026-03-28 22:00:00 UTC;2026-03-30 16:00:00 UTC;returning_instructor;14;8;124;35;138579;10;390;390;;;1202;0;0;0;01.00
Wikimedia_Indonesia/Wikilatih_Wikidata_Jakarta_31_Maret_2026;Wikilatih Wikidata Jakarta 31 Maret 2026;Wikimedia Indonesia;;www.wikidata.org;2026-03-31 01:05:33 UTC;2026-03-30 22:00:00 UTC;2026-03-31 22:00:00 UTC;returning_instructor;17;17;40;10;40365;-2;178;178;;;817;0;0;0;01.00
Wikimedia_Indonesia/Wikilatih_Wikidata_Banjarnegara;Wikilatih Wikidata Banjarnegara;Wikimedia Indonesia;;www.wikidata.org;2026-04-16 06:07:14 UTC;2026-04-18 22:00:00 UTC;2026-04-19 22:00:00 UTC;returning_instructor;18;13;29;0;29406;20;81;81;;0;720;0;0;0;01.00
Wikimedia_Indonesia/Datathon_Bulan_Wiki_Perempuan_2026;Datathon Bulan Wiki Perempuan 2026;Wikimedia Indonesia;;www.wikidata.org;2026-04-20 11:04:55 UTC;2026-04-23 17:00:00 UTC;2026-04-27 16:59:00 UTC;returning_instructor;31;10;1422;172;4234183;2357;11859;12225;;1;4124;0;0;0;01.00
Wikimedia_Indonesia/Wikilatih_Wikidata_Yogyakarta_2026;Wikilatih Wikidata Yogyakarta 2026;Wikimedia Indonesia;;www.wikidata.org;2026-04-23 03:07:19 UTC;2026-04-25 22:00:00 UTC;2026-04-26 22:00:00 UTC;returning_instructor;16;7;47;22;311208;0;658;655;;3;1910;4;2;2;01.00
Wikimedia_Indonesia/Pemagangan_Datatek_April_2026;Pemagangan Datatek April 2026;Wikimedia Indonesia;;www.wikidata.org;2026-04-29 08:47:52 UTC;2026-04-27 17:00:00 UTC;2026-06-27 17:00:00 UTC;returning_instructor;1;0;4;1;9106;1;31;31;;;401;2;1;2;01.00
Wikimedia_Indonesia/Kopdar_Wikidata_Yogyakarta_24_Mei_2026;Kopdar Wikidata Yogyakarta 24 Mei 2026;Wikimedia Indonesia;;www.wikidata.org;2026-05-11 03:01:22 UTC;2026-05-23 22:00:00 UTC;2026-05-24 22:00:00 UTC;returning_instructor;13;2;71;18;124934;40;389;436;;;613;24;16;16;01.00
Wikimedia_Indonesia/Kopdar_Wikidata_Padang_24_Mei_2026;Kopdar Wikidata Padang 24 Mei 2026;Wikimedia Indonesia;;www.wikidata.org;2026-05-12 02:38:38 UTC;2026-05-23 22:00:00 UTC;2026-05-24 22:00:00 UTC;returning_instructor;12;4;141;139;416448;0;332;1250;;;846;0;0;0;01.00
Wikimedia_Indonesia/Wikilatih_Wikidata_Kehutanan_UNSRAT;Wikilatih Wikidata Kehutanan UNSRAT;Wikimedia Indonesia;;www.wikidata.org;2026-05-19 05:28:28 UTC;2026-05-20 22:00:00 UTC;2026-05-21 22:00:00 UTC;returning_instructor;14;14;15;0;33674;30;72;72;;0;220;0;0;0;01.00
Wikimedia_Indonesia/Kopdar_Wikidata_Bandung_7_Juni_2026;Kopdar Wikidata Bandung 7 Juni 2026;Wikimedia Indonesia;;www.wikidata.org;2026-05-22 02:28:17 UTC;2026-06-06 22:00:00 UTC;2026-06-07 22:00:00 UTC;returning_instructor;13;2;58;58;346433;0;919;919;;;1134;6;0;0;01.00
Wikimedia_Indonesia/Wikilatih_Wikidata_Semarang_21_Juni_2026;Wikilatih Wikidata Semarang 21 Juni 2026;Wikimedia Indonesia;;www.wikidata.org;2026-06-21 11:01:17 UTC;2026-06-20 23:00:00 UTC;2026-06-21 23:00:00 UTC;returning_instructor;10;9;11;0;19301;6;62;62;;0;238;2;2;6;01.00
Wikimedia_Indonesia/Wikilatih_Wikidata_Palembang_21_Juni_2026;Wikilatih Wikidata Palembang 21 Juni 2026;Wikimedia Indonesia;;www.wikidata.org;2026-06-25 03:03:58 UTC;2026-06-20 22:00:00 UTC;2026-06-21 22:00:00 UTC;returning_instructor;14;11;41;6;126425;104;236;236;0;0;971;0;0;0;01.00