username,course,registered_at,start_date,account_age_days,user_cohort
Adhmi,Wikimedia_Indonesia/Geodatathon_Agustus_2025,2018-05-03 07:41:24+00:00,2025-08-26 17:00:00+00:00,2672.3879166666666,Existing User
Rinai Natsumi,Wikimedia_Indonesia/Geodatathon_Agustus_2025,2017-11-04 05:27:20+00:00,2025-08-26 17:00:00+00:00,2852.4810185185183,Existing User
Sygrayem,Wikimedia_Indonesia/Geodatathon_Agustus_2025,2014-12-17 13:11:20+00:00,2025-08-26 17:00:00+00:00,3905.1587962962963,Existing User
JumadilM,Wikimedia_Indonesia/Geodatathon_Agustus_2025,2019-12-15 13:25:14+00:00,2025-08-26 17:00:00+00:00,2081.1491435185185,Existing User
Supardisahabu,Wikimedia_Indonesia/Geodatathon_Agustus_2025,2019-12-28 11:48:42+00:00,2025-08-26 17:00:00+00:00,2068.2161805555556,Existing User
Lnahdiya,Wikimedia_Indonesia/Geodatathon_Agustus_2025,2019-05-20 15:14:58+00:00,2025-08-26 17:00:00+00:00,2290.0729398148146,Existing User
Andri Kesenja 01,Wikimedia_Indonesia/Geodatathon_Agustus_2025,2020-09-25 06:58:59+00:00,2025-08-26 17:00:00+00:00,1796.4173726851852,Existing User
Fakhruddin Arrazzi,Wikimedia_Indonesia/Geodatathon_Agustus_2025,2019-10-06 14:51:42+00:00,2025-08-26 17:00:00+00:00,2151.0890972222223,Existing User
Mery Nurfa Dilla,Wikimedia_Indonesia/Geodatathon_Agustus_2025,2021-10-24 06:16:42+00:00,2025-08-26 17:00:00+00:00,1402.446736111111,Existing User
Sibiru45,Wikimedia_Indonesia/Geodatathon_Agustus_2025,2016-11-05 12:23:59+00:00,2025-08-26 17:00:00+00:00,3216.1916782407407,Existing User
Hasnanf,Wikimedia_Indonesia/Geodatathon_Agustus_2025,2022-11-03 11:45:07+00:00,2025-08-26 17:00:00+00:00,1027.2186689814814,Existing User
Rizall 91202,Wikimedia_Indonesia/Geodatathon_Agustus_2025,2023-01-01 03:09:15+00:00,2025-08-26 17:00:00+00:00,968.5769097222222,Existing User
Fardhanzlf,Wikimedia_Indonesia/Geodatathon_Agustus_2025,2023-02-24 18:36:58+00:00,2025-08-26 17:00:00+00:00,913.9326620370371,Existing User
Orfetaum,Wikimedia_Indonesia/Geodatathon_Agustus_2025,2023-03-30 15:29:44+00:00,2025-08-26 17:00:00+00:00,880.0626851851852,Existing User
Cgjkldn,Wikimedia_Indonesia/Geodatathon_Agustus_2025,2022-03-22 12:58:31+00:00,2025-08-26 17:00:00+00:00,1253.1676967592593,Existing User
Quraeni,Wikimedia_Indonesia/Geodatathon_Agustus_2025,2023-02-27 05:32:54+00:00,2025-08-26 17:00:00+00:00,911.4771527777777,Existing User
Iripseudocorus,Wikimedia_Indonesia/Geodatathon_Agustus_2025,2023-11-13 09:21:35+00:00,2025-08-26 17:00:00+00:00,652.3183449074074,Existing User
Syurida,Wikimedia_Indonesia/Geodatathon_Agustus_2025,2024-01-27 17:42:00+00:00,2025-08-26 17:00:00+00:00,576.9708333333333,Existing User
Sansabit,Wikimedia_Indonesia/Geodatathon_Agustus_2025,2024-05-19 03:38:44+00:00,2025-08-26 17:00:00+00:00,464.5564351851852,Existing User
Lembayung Indah,Wikimedia_Indonesia/Geodatathon_Agustus_2025,2024-01-19 00:41:37+00:00,2025-08-26 17:00:00+00:00,585.6794328703704,Existing User
Fatma nizam92,Wikimedia_Indonesia/Geodatathon_Agustus_2025,2024-06-14 16:43:38+00:00,2025-08-26 17:00:00+00:00,438.01136574074076,Existing User
Muufii,Wikimedia_Indonesia/Geodatathon_Agustus_2025,2024-06-27 08:34:34+00:00,2025-08-26 17:00:00+00:00,425.35099537037036,Existing User
Niryhpr,Wikimedia_Indonesia/Geodatathon_Agustus_2025,2024-10-17 16:54:26+00:00,2025-08-26 17:00:00+00:00,313.00386574074076,Existing User
Deboradamanikm,Wikimedia_Indonesia/Geodatathon_Agustus_2025,2019-02-08 07:25:57+00:00,2025-08-26 17:00:00+00:00,2391.3986458333334,Existing User
Afdhal Sy,Wikimedia_Indonesia/Geodatathon_Agustus_2025,2024-09-22 13:24:56+00:00,2025-08-26 17:00:00+00:00,338.14935185185186,Existing User
Syifa Adiba,Wikimedia_Indonesia/Geodatathon_Agustus_2025,2025-08-12 06:38:48+00:00,2025-08-26 17:00:00+00:00,14.43138888888889,Existing User
Zhilal Darma,Wikimedia_Indonesia/Kopdar_Wikidata_Padang_15_November_2025,2018-09-25 06:17:31+00:00,2025-11-14 23:00:00+00:00,2607.6961689814816,Existing User
Fakhruddin Arrazzi,Wikimedia_Indonesia/Kopdar_Wikidata_Padang_15_November_2025,2019-10-06 14:51:42+00:00,2025-11-14 23:00:00+00:00,2231.3390972222223,Existing User
Happywu,Wikimedia_Indonesia/Kopdar_Wikidata_Padang_15_November_2025,2023-12-07 15:52:47+00:00,2025-11-14 23:00:00+00:00,708.2966782407408,Existing User
Tisa0603,Wikimedia_Indonesia/Kopdar_Wikidata_Padang_15_November_2025,2024-02-04 03:05:57+00:00,2025-11-14 23:00:00+00:00,649.8292013888889,Existing User
Afdhal Sy,Wikimedia_Indonesia/Kopdar_Wikidata_Padang_15_November_2025,2024-09-22 13:24:56+00:00,2025-11-14 23:00:00+00:00,418.39935185185186,Existing User
Diarahmaa,Wikimedia_Indonesia/Kopdar_Wikidata_Padang_15_November_2025,2025-06-26 11:09:24+00:00,2025-11-14 23:00:00+00:00,141.4934722222222,Existing User
Unincantik,Wikimedia_Indonesia/Kopdar_Wikidata_Padang_15_November_2025,2025-10-11 02:56:36+00:00,2025-11-14 23:00:00+00:00,34.83569444444444,Existing User
Unicornbaddie,Wikimedia_Indonesia/Wikilatih_Wikidata_UISU_27_Oktober_2025,2025-10-27 02:27:17+00:00,2025-10-26 23:00:00+00:00,-0.14394675925925926,New User
Meylin Choiry,Wikimedia_Indonesia/Wikilatih_Wikidata_UISU_27_Oktober_2025,2025-10-27 02:31:27+00:00,2025-10-26 23:00:00+00:00,-0.14684027777777778,New User
Billakuyy,Wikimedia_Indonesia/Wikilatih_Wikidata_UISU_27_Oktober_2025,2025-10-27 02:29:20+00:00,2025-10-26 23:00:00+00:00,-0.14537037037037037,New User
Gadis kecil imut,Wikimedia_Indonesia/Wikilatih_Wikidata_UISU_27_Oktober_2025,2025-10-27 02:35:16+00:00,2025-10-26 23:00:00+00:00,-0.14949074074074073,New User
Awaa3ee,Wikimedia_Indonesia/Wikilatih_Wikidata_UISU_27_Oktober_2025,2025-10-26 23:29:17+00:00,2025-10-26 23:00:00+00:00,-0.020335648148148148,New User
Joejoe354,Wikimedia_Indonesia/Wikilatih_Wikidata_UISU_27_Oktober_2025,2025-10-27 03:34:00+00:00,2025-10-26 23:00:00+00:00,-0.19027777777777777,New User
Kylie latte,Wikimedia_Indonesia/Wikilatih_Wikidata_UISU_27_Oktober_2025,2025-10-26 22:54:03+00:00,2025-10-26 23:00:00+00:00,0.004131944444444444,New User
Mutiadela,Wikimedia_Indonesia/Wikilatih_Wikidata_UISU_27_Oktober_2025,2025-10-26 16:30:40+00:00,2025-10-26 23:00:00+00:00,0.27037037037037037,New User
Maulana Iman Al Farizi,Wikimedia_Indonesia/Wikilatih_Wikidata_UISU_27_Oktober_2025,2025-10-27 03:06:32+00:00,2025-10-26 23:00:00+00:00,-0.1712037037037037,New User
Ilham245,Wikimedia_Indonesia/Wikilatih_Wikidata_UISU_27_Oktober_2025,2025-10-26 16:33:39+00:00,2025-10-26 23:00:00+00:00,0.2682986111111111,New User
MEI-mei07,Wikimedia_Indonesia/Wikilatih_Wikidata_UISU_27_Oktober_2025,2025-10-27 03:35:53+00:00,2025-10-26 23:00:00+00:00,-0.19158564814814816,New User
Faiz243,Wikimedia_Indonesia/Wikilatih_Wikidata_UISU_27_Oktober_2025,2025-10-27 03:05:09+00:00,2025-10-26 23:00:00+00:00,-0.17024305555555555,New User
Yuinday,Wikimedia_Indonesia/Wikilatih_Wikidata_UISU_27_Oktober_2025,2025-10-26 16:16:56+00:00,2025-10-26 23:00:00+00:00,0.2799074074074074,New User
Telor Omelet,Wikimedia_Indonesia/Wikilatih_Wikidata_UISU_27_Oktober_2025,2025-10-26 23:26:37+00:00,2025-10-26 23:00:00+00:00,-0.018483796296296297,New User
Robet33,Wikimedia_Indonesia/Wikilatih_Wikidata_UISU_27_Oktober_2025,2025-10-27 03:31:21+00:00,2025-10-26 23:00:00+00:00,-0.1884375,New User
Bottlu,Wikimedia_Indonesia/Wikilatih_Wikidata_UISU_27_Oktober_2025,2025-10-27 03:39:02+00:00,2025-10-26 23:00:00+00:00,-0.19377314814814814,New User
Chilsieau,Wikimedia_Indonesia/Wikilatih_Wikidata_UISU_27_Oktober_2025,2025-10-26 23:18:34+00:00,2025-10-26 23:00:00+00:00,-0.012893518518518518,New User
Deandradarryl.14,Wikimedia_Indonesia/Wikilatih_Wikidata_UISU_27_Oktober_2025,2025-10-27 03:05:46+00:00,2025-10-26 23:00:00+00:00,-0.1706712962962963,New User
Johnstad Di Maria,Wikimedia_Indonesia/Kopdar_Wikimedia_Surabaya_20_November_2025_(20_November_2025),2016-06-30 06:34:02+00:00,2025-11-19 22:00:00+00:00,3429.643032407407,Existing User
Adhi Kurniawan,Wikimedia_Indonesia/Kopdar_Wikimedia_Surabaya_20_November_2025_(20_November_2025),2012-09-15 18:29:58+00:00,2025-11-19 22:00:00+00:00,4813.145856481481,Existing User
Empat Tilda,Wikimedia_Indonesia/Kopdar_Wikimedia_Surabaya_20_November_2025_(20_November_2025),2018-02-13 11:25:35+00:00,2025-11-19 22:00:00+00:00,2836.4405671296295,Existing User
Ulumarifah,Wikimedia_Indonesia/Kopdar_Wikimedia_Surabaya_20_November_2025_(20_November_2025),2019-10-16 13:00:58+00:00,2025-11-19 22:00:00+00:00,2226.3743287037037,Existing User
Dian (WMID),Wikimedia_Indonesia/Kopdar_Wikimedia_Surabaya_20_November_2025_(20_November_2025),2021-11-01 04:25:17+00:00,2025-11-19 22:00:00+00:00,1479.7324421296296,Existing User
Kanzcech,Wikimedia_Indonesia/Kopdar_Wikimedia_Surabaya_20_November_2025_(20_November_2025),2018-08-02 05:44:39+00:00,2025-11-19 22:00:00+00:00,2666.677326388889,Existing User
Seeharee,Wikimedia_Indonesia/Kopdar_Wikimedia_Surabaya_20_November_2025_(20_November_2025),2022-12-14 12:50:22+00:00,2025-11-19 22:00:00+00:00,1071.3816898148148,Existing User
Yamato Shiya,Wikimedia_Indonesia/Kopdar_Wikimedia_Surabaya_20_November_2025_(20_November_2025),2023-08-21 14:16:15+00:00,2025-11-19 22:00:00+00:00,821.3220486111111,Existing User
Muufii,Wikimedia_Indonesia/Kopdar_Wikimedia_Surabaya_20_November_2025_(20_November_2025),2024-06-27 08:34:34+00:00,2025-11-19 22:00:00+00:00,510.5593287037037,Existing User
Abdisaverio,Wikimedia_Indonesia/Kopdar_Wikimedia_Surabaya_20_November_2025_(20_November_2025),2025-08-24 07:07:03+00:00,2025-11-19 22:00:00+00:00,87.62010416666666,Existing User
Haqqulyaqiin,Wikimedia_Indonesia/Wikilatih_Wikidata_UNAIR_21_November_2025,2025-11-20 13:26:54+00:00,2025-11-20 22:00:00+00:00,0.35631944444444447,New User
Marveljeremia,Wikimedia_Indonesia/Wikilatih_Wikidata_UNAIR_21_November_2025,2025-11-20 04:21:30+00:00,2025-11-20 22:00:00+00:00,0.7350694444444444,New User
Finaniswatin,Wikimedia_Indonesia/Wikilatih_Wikidata_UNAIR_21_November_2025,2025-11-20 07:44:21+00:00,2025-11-20 22:00:00+00:00,0.5942013888888888,New User
Nabilazrareva,Wikimedia_Indonesia/Wikilatih_Wikidata_UNAIR_21_November_2025,2025-11-20 04:42:04+00:00,2025-11-20 22:00:00+00:00,0.7207870370370371,New User
CECILYA AUDRIA,Wikimedia_Indonesia/Wikilatih_Wikidata_UNAIR_21_November_2025,2025-11-20 04:38:19+00:00,2025-11-20 22:00:00+00:00,0.7233912037037037,New User
Kevinnathaneal123,Wikimedia_Indonesia/Wikilatih_Wikidata_UNAIR_21_November_2025,2025-11-20 04:41:17+00:00,2025-11-20 22:00:00+00:00,0.7213310185185186,New User
Mutia Bahalwan,Wikimedia_Indonesia/Wikilatih_Wikidata_UNAIR_21_November_2025,2025-11-20 04:49:38+00:00,2025-11-20 22:00:00+00:00,0.7155324074074074,New User
Mochammadafzal,Wikimedia_Indonesia/Wikilatih_Wikidata_UNAIR_21_November_2025,2025-11-20 04:47:18+00:00,2025-11-20 22:00:00+00:00,0.7171527777777778,New User
Bulanmarseliawt,Wikimedia_Indonesia/Wikilatih_Wikidata_UNAIR_21_November_2025,2025-11-20 04:33:55+00:00,2025-11-20 22:00:00+00:00,0.7264467592592593,New User
Firlygreselda,Wikimedia_Indonesia/Wikilatih_Wikidata_UNAIR_21_November_2025,2025-11-20 04:40:25+00:00,2025-11-20 22:00:00+00:00,0.7219328703703703,New User
Devi Rahmania,Wikimedia_Indonesia/Wikilatih_Wikidata_UNAIR_21_November_2025,2025-11-20 13:54:43+00:00,2025-11-20 22:00:00+00:00,0.3370023148148148,New User
Javier Ihsan,Wikimedia_Indonesia/Wikilatih_Wikidata_UNAIR_21_November_2025,2025-11-20 12:09:41+00:00,2025-11-20 22:00:00+00:00,0.4099421296296296,New User
Bingar Kenaya,Wikimedia_Indonesia/Wikilatih_Wikidata_UNAIR_21_November_2025,2025-11-20 01:17:42+00:00,2025-11-20 22:00:00+00:00,0.8627083333333333,New User
Jania Elysia,Wikimedia_Indonesia/Wikilatih_Wikidata_UNAIR_21_November_2025,2025-11-20 07:13:22+00:00,2025-11-20 22:00:00+00:00,0.6157175925925926,New User
Yushan-Riry,Wikimedia_Indonesia/Wikilatih_Wikidata_UNAIR_21_November_2025,2025-11-20 04:29:57+00:00,2025-11-20 22:00:00+00:00,0.7292013888888889,New User
Dian Pratiwi 14,Wikimedia_Indonesia/Wikilatih_Wikidata_UNAIR_21_November_2025,2025-11-20 12:01:00+00:00,2025-11-20 22:00:00+00:00,0.41597222222222224,New User
Antya Anantari,Wikimedia_Indonesia/Kopdar_Wikidata_Malang_5_Desember_2025,2018-12-24 01:21:05+00:00,2025-12-04 22:00:00+00:00,2537.860358796296,Existing User
Empat Tilda,Wikimedia_Indonesia/Kopdar_Wikidata_Malang_5_Desember_2025,2018-02-13 11:25:35+00:00,2025-12-04 22:00:00+00:00,2851.4405671296295,Existing User
Ahmadrizky0102,Wikimedia_Indonesia/Kopdar_Wikidata_Malang_5_Desember_2025,2023-10-27 13:56:59+00:00,2025-12-04 22:00:00+00:00,769.3354282407407,Existing User
Syaasantoso,Wikimedia_Indonesia/Kopdar_Wikidata_Malang_5_Desember_2025,2024-04-16 13:11:49+00:00,2025-12-04 22:00:00+00:00,597.3667939814815,Existing User
Mandai Imut,Wikimedia_Indonesia/Kopdar_Wikidata_Malang_5_Desember_2025,2025-03-07 05:51:34+00:00,2025-12-04 22:00:00+00:00,272.6725231481482,Existing User
Cawilll,Wikimedia_Indonesia/Kopdar_Wikidata_Malang_5_Desember_2025,2025-03-07 08:34:29+00:00,2025-12-04 22:00:00+00:00,272.5593865740741,Existing User
Fishynila,Wikimedia_Indonesia/Kopdar_Wikidata_Malang_5_Desember_2025,2024-10-15 12:47:03+00:00,2025-12-04 22:00:00+00:00,415.38399305555555,Existing User
Harmawanto,Wikimedia_Indonesia/Kopdar_Wikidata_Malang_5_Desember_2025,2025-12-03 12:56:12+00:00,2025-12-04 22:00:00+00:00,1.3776388888888889,New User
Hakim Abimanyu,Wikimedia_Indonesia/Kopdar_Wikidata_Malang_5_Desember_2025,2025-10-05 15:37:17+00:00,2025-12-04 22:00:00+00:00,60.265775462962964,Existing User
Naval Scene,Wikimedia_Indonesia/Kopdar_Wikidata_Jakarta_14_Desember_2025_(14_Desember_2025),2008-05-31 15:13:33+00:00,2025-12-13 15:00:00+00:00,6404.990590277778,Existing User
Andra Aliyev,Wikimedia_Indonesia/Kopdar_Wikidata_Jakarta_14_Desember_2025_(14_Desember_2025),2016-01-17 15:20:58+00:00,2025-12-13 15:00:00+00:00,3617.985439814815,Existing User
Chongkian,Wikimedia_Indonesia/Kopdar_Wikidata_Jakarta_14_Desember_2025_(14_Desember_2025),2009-08-21 06:41:21+00:00,2025-12-13 15:00:00+00:00,5958.346284722223,Existing User
Oceanmuse,Wikimedia_Indonesia/Kopdar_Wikidata_Jakarta_14_Desember_2025_(14_Desember_2025),2019-09-08 12:35:58+00:00,2025-12-13 15:00:00+00:00,2288.100023148148,Existing User
Affandy Murad,Wikimedia_Indonesia/Kopdar_Wikidata_Jakarta_14_Desember_2025_(14_Desember_2025),2008-06-30 12:36:43+00:00,2025-12-13 15:00:00+00:00,6375.099502314815,Existing User
Badak Jawa,Wikimedia_Indonesia/Kopdar_Wikidata_Jakarta_14_Desember_2025_(14_Desember_2025),2021-06-28 06:56:00+00:00,2025-12-13 15:00:00+00:00,1629.3361111111112,Existing User
Pitchrigi,Wikimedia_Indonesia/Kopdar_Wikidata_Jakarta_14_Desember_2025_(14_Desember_2025),2023-06-03 15:30:03+00:00,2025-12-13 15:00:00+00:00,923.9791319444445,Existing User
OwlyKnight,Wikimedia_Indonesia/Kopdar_Wikidata_Jakarta_14_Desember_2025_(14_Desember_2025),2022-09-16 06:42:02+00:00,2025-12-13 15:00:00+00:00,1184.3458101851852,Existing User
BlueberryCheeseCream,Wikimedia_Indonesia/Kopdar_Wikidata_Jakarta_14_Desember_2025_(14_Desember_2025),2024-04-25 08:53:52+00:00,2025-12-13 15:00:00+00:00,597.2542592592592,Existing User
Hzu Hzu,Wikimedia_Indonesia/Kopdar_Wikidata_Jakarta_14_Desember_2025_(14_Desember_2025),2024-05-12 01:10:20+00:00,2025-12-13 15:00:00+00:00,580.5761574074074,Existing User
Writingtradition,Wikimedia_Indonesia/Kopdar_Wikidata_Jakarta_14_Desember_2025_(14_Desember_2025),2024-12-04 01:55:53+00:00,2025-12-13 15:00:00+00:00,374.54452546296295,Existing User
MomRhino,Wikimedia_Indonesia/Kopdar_Wikidata_Jakarta_14_Desember_2025_(14_Desember_2025),2025-09-19 05:59:13+00:00,2025-12-13 15:00:00+00:00,85.37554398148148,Existing User
Kanzcech,Wikimedia_Indonesia/Wikilatih_Wikidata_Daring_untuk_Akademisi,2018-08-02 05:44:39+00:00,2025-12-18 22:00:00+00:00,2695.677326388889,Existing User
Radramboo,Wikimedia_Indonesia/Wikilatih_Wikidata_Daring_untuk_Akademisi,2022-08-27 10:06:38+00:00,2025-12-18 22:00:00+00:00,1209.4953935185185,Existing User
Sabil Khoer Al Munawar,Wikimedia_Indonesia/Wikilatih_Wikidata_Daring_untuk_Akademisi,2023-02-24 16:26:43+00:00,2025-12-18 22:00:00+00:00,1028.2314467592594,Existing User
Menyusurisudutnegeri,Wikimedia_Indonesia/Wikilatih_Wikidata_Daring_untuk_Akademisi,2024-01-19 13:43:58+00:00,2025-12-18 22:00:00+00:00,699.3444675925925,Existing User
Raihankakicak,Wikimedia_Indonesia/Wikilatih_Wikidata_Daring_untuk_Akademisi,2024-11-13 11:18:35+00:00,2025-12-18 22:00:00+00:00,400.44542824074074,Existing User
Kiaryabagusadiwardana,Wikimedia_Indonesia/Wikilatih_Wikidata_Daring_untuk_Akademisi,2024-12-30 10:37:10+00:00,2025-12-18 22:00:00+00:00,353.4741898148148,Existing User
Kangwikii,Wikimedia_Indonesia/Wikilatih_Wikidata_Daring_untuk_Akademisi,2025-08-22 19:04:09+00:00,2025-12-18 22:00:00+00:00,118.12211805555556,Existing User
Diarahmaa,Wikimedia_Indonesia/Wikilatih_Wikidata_Daring_untuk_Akademisi,2025-06-26 11:09:24+00:00,2025-12-18 22:00:00+00:00,175.45180555555555,Existing User
Adhiiik,Wikimedia_Indonesia/Wikilatih_Wikidata_Daring_untuk_Akademisi,2025-12-16 03:50:45+00:00,2025-12-18 22:00:00+00:00,2.756423611111111,New User
Rezanuronline,Wikimedia_Indonesia/Wikilatih_Wikidata_Daring_untuk_Akademisi,2025-12-13 09:37:27+00:00,2025-12-18 22:00:00+00:00,5.515659722222222,New User
Trihadisulistyanto,Wikimedia_Indonesia/Wikilatih_Wikidata_Daring_untuk_Akademisi,2025-11-18 14:17:03+00:00,2025-12-18 22:00:00+00:00,30.321493055555557,Existing User
Alexpendria,Wikimedia_Indonesia/Wikilatih_Wikidata_Daring_untuk_Akademisi,2025-09-25 00:06:50+00:00,2025-12-18 22:00:00+00:00,84.9119212962963,Existing User
TorangEdit,Wikimedia_Indonesia/Wikilatih_Wikidata_Daring_untuk_Akademisi,2025-10-07 13:59:57+00:00,2025-12-18 22:00:00+00:00,72.33336805555555,Existing User
Soleh199101,Wikimedia_Indonesia/Wikilatih_Wikidata_Daring_untuk_Akademisi,2025-09-27 10:00:02+00:00,2025-12-18 22:00:00+00:00,82.49997685185186,Existing User
Cakjulpikar,Wikimedia_Indonesia/Wikilatih_Wikidata_Daring_untuk_Akademisi,2022-12-29 03:33:35+00:00,2025-12-18 22:00:00+00:00,1085.7683449074075,Existing User
Bagindokemas,Wikimedia_Indonesia/Wikilatih_Wikidata_Daring_untuk_Akademisi,2025-12-19 07:36:13+00:00,2025-12-18 22:00:00+00:00,-0.40015046296296297,New User
Faafgani,Wikimedia_Indonesia/Wikilatih_Wikidata_Daring_untuk_Akademisi,2022-04-21 01:16:15+00:00,2025-12-18 22:00:00+00:00,1337.8637152777778,Existing User
Aqilanhein,Wikimedia_Indonesia/Wikilatih_Wikidata_Daring_untuk_Akademisi,2025-10-17 02:18:15+00:00,2025-12-18 22:00:00+00:00,62.820659722222224,Existing User
LadyAyasophia,Wikimedia_Indonesia/Wikilatih_Wikidata_Daring_untuk_Akademisi,2025-12-15 03:56:59+00:00,2025-12-18 22:00:00+00:00,3.7520949074074075,New User
Goldyfauhn,Wikimedia_Indonesia/Wikilatih_Wikidata_Daring_untuk_Akademisi,2025-12-15 10:43:40+00:00,2025-12-18 22:00:00+00:00,3.4696759259259258,New User
Rani Rachman,Wikimedia_Indonesia/Wikilatih_Wikidata_Daring_untuk_Akademisi,2025-12-14 20:43:29+00:00,2025-12-18 22:00:00+00:00,4.053136574074074,New User
Dasaptaerwin,Wikimedia_Indonesia/Wikilatih_Wikidata_Daring_untuk_Akademisi,2016-07-06 22:11:20+00:00,2025-12-18 22:00:00+00:00,3451.9921296296297,Existing User
Adhiiik,Wikimedia_Indonesia/Pemagangan_Datatek_Desember_2025,2025-12-16 03:50:45+00:00,2025-12-14 17:00:00+00:00,-1.4519097222222221,New User
Kresnaidjn,Wikimedia_Indonesia/Wikilatih_Wikidata_IDJN,2025-08-27 02:43:47+00:00,2025-08-28 22:00:00+00:00,1.8029282407407408,New User
Uuud,Wikimedia_Indonesia/Wikilatih_Wikidata_IDJN,2025-08-27 07:37:24+00:00,2025-08-28 22:00:00+00:00,1.5990277777777777,New User
Rejamaubelajar,Wikimedia_Indonesia/Wikilatih_Wikidata_IDJN,2025-08-28 02:53:18+00:00,2025-08-28 22:00:00+00:00,0.7963194444444445,New User
Jaka hb,Wikimedia_Indonesia/Wikilatih_Wikidata_IDJN,2025-08-27 09:16:10+00:00,2025-08-28 22:00:00+00:00,1.5304398148148148,New User
Yandikk,Wikimedia_Indonesia/Wikilatih_WIkidata_Telkom_University_Oktober_2025,2025-10-03 07:07:08+00:00,2025-10-03 22:00:00+00:00,0.6200462962962963,New User
Frenwin,Wikimedia_Indonesia/Wikilatih_WIkidata_Telkom_University_Oktober_2025,2025-10-03 06:17:29+00:00,2025-10-03 22:00:00+00:00,0.654525462962963,New User
Adelinavm,Wikimedia_Indonesia/Wikilatih_WIkidata_Telkom_University_Oktober_2025,2025-10-04 02:35:06+00:00,2025-10-03 22:00:00+00:00,-0.19104166666666667,New User
Abilhzn,Wikimedia_Indonesia/Wikilatih_WIkidata_Telkom_University_Oktober_2025,2025-10-03 06:25:36+00:00,2025-10-03 22:00:00+00:00,0.6488888888888888,New User
Hibscolony,Wikimedia_Indonesia/Wikilatih_WIkidata_Telkom_University_Oktober_2025,2025-10-04 02:45:17+00:00,2025-10-03 22:00:00+00:00,-0.19811342592592593,New User
Fauzanahsanudin,Wikimedia_Indonesia/Wikilatih_WIkidata_Telkom_University_Oktober_2025,2025-10-04 02:49:56+00:00,2025-10-03 22:00:00+00:00,-0.2013425925925926,New User
Faariskhairrudin,Wikimedia_Indonesia/Wikilatih_WIkidata_Telkom_University_Oktober_2025,2025-10-04 02:37:41+00:00,2025-10-03 22:00:00+00:00,-0.19283564814814816,New User
Hanifimaduddin,Wikimedia_Indonesia/Wikilatih_WIkidata_Telkom_University_Oktober_2025,2025-10-03 22:09:12+00:00,2025-10-03 22:00:00+00:00,-0.006388888888888889,New User
Dzikran,Wikimedia_Indonesia/Wikilatih_WIkidata_Telkom_University_Oktober_2025,2024-09-15 03:05:22+00:00,2025-10-03 22:00:00+00:00,383.7879398148148,Existing User
Jebbzz,Wikimedia_Indonesia/Wikilatih_WIkidata_Telkom_University_Oktober_2025,2025-10-03 06:27:07+00:00,2025-10-03 22:00:00+00:00,0.6478356481481482,New User
Johnstad Di Maria,Wikimedia_Indonesia/Kopdar_Wikidata_Bandung_Oktober_2025,2016-06-30 06:34:02+00:00,2025-10-03 22:00:00+00:00,3382.643032407407,Existing User
Lany pirna,Wikimedia_Indonesia/Kopdar_Wikidata_Bandung_Oktober_2025,2018-12-10 07:56:46+00:00,2025-10-03 22:00:00+00:00,2489.5855787037035,Existing User
Serigalakampus,Wikimedia_Indonesia/Kopdar_Wikidata_Bandung_Oktober_2025,2019-04-21 04:31:31+00:00,2025-10-03 22:00:00+00:00,2357.728113425926,Existing User
Mirani Pramitasari,Wikimedia_Indonesia/Kopdar_Wikidata_Bandung_Oktober_2025,2021-09-12 14:03:17+00:00,2025-10-03 22:00:00+00:00,1482.3310532407406,Existing User
Apriadi ap,Wikimedia_Indonesia/Kopdar_Wikidata_Bandung_Oktober_2025,2021-11-23 18:50:54+00:00,2025-10-03 22:00:00+00:00,1410.1313194444444,Existing User
Arunikala,Wikimedia_Indonesia/Kopdar_Wikidata_Bandung_Oktober_2025,2022-09-19 06:05:56+00:00,2025-10-03 22:00:00+00:00,1110.6625462962963,Existing User
Hasnanf,Wikimedia_Indonesia/Kopdar_Wikidata_Bandung_Oktober_2025,2022-11-03 11:45:07+00:00,2025-10-03 22:00:00+00:00,1065.427002314815,Existing User
Nugi30,Wikimedia_Indonesia/Kopdar_Wikidata_Bandung_Oktober_2025,2024-05-08 14:05:41+00:00,2025-10-03 22:00:00+00:00,513.3293865740741,Existing User
Yaya Nulis,Wikimedia_Indonesia/Kopdar_Wikidata_Bandung_Oktober_2025,2024-11-05 04:49:24+00:00,2025-10-03 22:00:00+00:00,332.71569444444447,Existing User
Tanto Wijaya,Wikimedia_Indonesia/Kopdar_Wikidata_Bandung_Oktober_2025,2025-07-15 12:33:32+00:00,2025-10-03 22:00:00+00:00,80.39337962962964,Existing User
Mbupipaupi,Wikimedia_Indonesia/Kopdar_Wikidata_Bandung_Oktober_2025,2025-09-29 15:28:14+00:00,2025-10-03 22:00:00+00:00,4.272060185185185,New User
Subangkit,Wikimedia_Indonesia/Kopdar_Wikidata_Bandung_Oktober_2025,2025-10-01 17:03:24+00:00,2025-10-03 22:00:00+00:00,2.205972222222222,New User
Adhmi,Wikimedia_Indonesia/Geodatathon_Desember_2025_-_Cadang,2018-05-03 07:41:24+00:00,2025-12-19 17:00:00+00:00,2787.3879166666666,Existing User
Fakhruddin Arrazzi,Wikimedia_Indonesia/Geodatathon_Desember_2025_-_Cadang,2019-10-06 14:51:42+00:00,2025-12-19 17:00:00+00:00,2266.0890972222223,Existing User
Nafisathallah,Wikimedia_Indonesia/Geodatathon_Desember_2025_-_Cadang,2020-07-30 12:15:58+00:00,2025-12-19 17:00:00+00:00,1968.1972453703704,Existing User
Mery Nurfa Dilla,Wikimedia_Indonesia/Geodatathon_Desember_2025_-_Cadang,2021-10-24 06:16:42+00:00,2025-12-19 17:00:00+00:00,1517.446736111111,Existing User
Nurhidayah Tanjung,Wikimedia_Indonesia/Geodatathon_Desember_2025_-_Cadang,2020-02-04 12:06:12+00:00,2025-12-19 17:00:00+00:00,2145.204027777778,Existing User
Seeharee,Wikimedia_Indonesia/Geodatathon_Desember_2025_-_Cadang,2022-12-14 12:50:22+00:00,2025-12-19 17:00:00+00:00,1101.1733564814815,Existing User
Cgjkldn,Wikimedia_Indonesia/Geodatathon_Desember_2025_-_Cadang,2022-03-22 12:58:31+00:00,2025-12-19 17:00:00+00:00,1368.1676967592593,Existing User
Happywu,Wikimedia_Indonesia/Geodatathon_Desember_2025_-_Cadang,2023-12-07 15:52:47+00:00,2025-12-19 17:00:00+00:00,743.0466782407408,Existing User
Sansabit,Wikimedia_Indonesia/Geodatathon_Desember_2025_-_Cadang,2024-05-19 03:38:44+00:00,2025-12-19 17:00:00+00:00,579.5564351851851,Existing User
Muufii,Wikimedia_Indonesia/Geodatathon_Desember_2025_-_Cadang,2024-06-27 08:34:34+00:00,2025-12-19 17:00:00+00:00,540.3509953703704,Existing User
Niryhpr,Wikimedia_Indonesia/Geodatathon_Desember_2025_-_Cadang,2024-10-17 16:54:26+00:00,2025-12-19 17:00:00+00:00,428.00386574074076,Existing User
Ratri Ayumsari,Wikimedia_Indonesia/Geodatathon_Desember_2025_-_Cadang,2024-11-04 15:15:38+00:00,2025-12-19 17:00:00+00:00,410.07247685185183,Existing User
Etewe,Wikimedia_Indonesia/Geodatathon_Desember_2025_-_Cadang,2024-11-26 12:14:31+00:00,2025-12-19 17:00:00+00:00,388.1982523148148,Existing User
Afdhal Sy,Wikimedia_Indonesia/Geodatathon_Desember_2025_-_Cadang,2024-09-22 13:24:56+00:00,2025-12-19 17:00:00+00:00,453.14935185185186,Existing User
Lemonwithices,Wikimedia_Indonesia/Geodatathon_Desember_2025_-_Cadang,2025-07-13 03:04:11+00:00,2025-12-19 17:00:00+00:00,159.58042824074073,Existing User
Ars-arsa,Wikimedia_Indonesia/Geodatathon_Desember_2025_-_Cadang,2025-12-07 06:55:40+00:00,2025-12-19 17:00:00+00:00,12.419675925925926,Existing User
Rezanuronline,Wikimedia_Indonesia/Geodatathon_Desember_2025_-_Cadang,2025-12-13 09:37:27+00:00,2025-12-19 17:00:00+00:00,6.307326388888889,New User
LadyAyasophia,Wikimedia_Indonesia/Geodatathon_Desember_2025_-_Cadang,2025-12-15 03:56:59+00:00,2025-12-19 17:00:00+00:00,4.543761574074074,New User
Goldyfauhn,Wikimedia_Indonesia/Geodatathon_Desember_2025_-_Cadang,2025-12-15 10:43:40+00:00,2025-12-19 17:00:00+00:00,4.261342592592593,New User
Scarzmouche,Wikimedia_Indonesia/Geodatathon_Desember_2025_-_Cadang,2024-01-04 16:06:21+00:00,2025-12-19 17:00:00+00:00,715.0372569444445,Existing User
Hirahusnul,Wikimedia_Indonesia/Geodatathon_Desember_2025_-_Cadang,2025-11-08 14:05:24+00:00,2025-12-19 17:00:00+00:00,41.12125,Existing User
Ibrohim tijani,Wikimedia_Indonesia/Geodatathon_Desember_2025_-_Cadang,2025-10-25 12:20:55+00:00,2025-12-19 17:00:00+00:00,55.19380787037037,Existing User
Inagus,Wikimedia_Indonesia/Geodatathon_Desember_2025_-_Cadang,2019-11-02 07:52:08+00:00,2025-12-19 17:00:00+00:00,2239.380462962963,Existing User
Nafisathallah,Wikimedia_Indonesia/Wikilatih_Wikidata_BPS_Sumut,2020-07-30 12:15:58+00:00,2026-01-09 22:00:00+00:00,1989.4055787037037,Existing User
Lim Natee,Wikimedia_Indonesia/Wikilatih_Wikidata_BPS_Sumut,2021-06-16 18:11:08+00:00,2026-01-09 22:00:00+00:00,1668.158935185185,Existing User
Dyalim,Wikimedia_Indonesia/Wikilatih_Wikidata_BPS_Sumut,2023-01-11 05:13:18+00:00,2026-01-09 22:00:00+00:00,1094.6990972222222,Existing User
Papa Diddy,Wikimedia_Indonesia/Wikilatih_Wikidata_BPS_Sumut,2024-10-09 01:46:14+00:00,2026-01-09 22:00:00+00:00,457.8428935185185,Existing User
Blueshean,Wikimedia_Indonesia/Wikilatih_Wikidata_BPS_Sumut,2025-08-13 15:14:06+00:00,2026-01-09 22:00:00+00:00,149.281875,Existing User
Hanakupi,Wikimedia_Indonesia/Wikilatih_Wikidata_BPS_Sumut,2025-10-26 03:13:29+00:00,2026-01-09 22:00:00+00:00,75.78230324074075,Existing User
Lu'lu' Yolanda Putri,Wikimedia_Indonesia/Wikilatih_Wikidata_BPS_Sumut,2025-10-24 00:45:47+00:00,2026-01-09 22:00:00+00:00,77.88487268518519,Existing User
Dinda0508,Wikimedia_Indonesia/Wikilatih_Wikidata_BPS_Sumut,2026-01-09 04:48:12+00:00,2026-01-09 22:00:00+00:00,0.7165277777777778,New User
Anastasya Theo,Wikimedia_Indonesia/Wikilatih_Wikidata_BPS_Sumut,2026-01-10 05:37:11+00:00,2026-01-09 22:00:00+00:00,-0.3174884259259259,New User
Fivi Syahfitri,Wikimedia_Indonesia/Wikilatih_Wikidata_BPS_Sumut,2025-12-23 08:17:45+00:00,2026-01-09 22:00:00+00:00,17.571006944444445,Existing User
Mafizi Shadow,Wikimedia_Indonesia/Wikilatih_Wikidata_BPS_Sumut,2025-12-29 01:25:37+00:00,2026-01-09 22:00:00+00:00,11.857210648148149,Existing User
Mocia,Wikimedia_Indonesia/Wikilatih_Wikidata_BPS_Sumut,2013-02-20 21:32:13+00:00,2026-01-09 22:00:00+00:00,4706.0192939814815,Existing User
Aqila rahmi,Wikimedia_Indonesia/Wikilatih_Wikidata_BPS_Sumut,2026-01-10 03:14:00+00:00,2026-01-09 22:00:00+00:00,-0.21805555555555556,New User
Zhilal Darma,Wikimedia_Indonesia/Wikilatih_Wikidata_Padang_18_Januari_2025,2018-09-25 06:17:31+00:00,2026-01-17 22:00:00+00:00,2671.6545023148146,Existing User
Triwahyuni.o,Wikimedia_Indonesia/Wikilatih_Wikidata_Padang_18_Januari_2025,2022-09-23 02:33:47+00:00,2026-01-17 22:00:00+00:00,1212.8098726851852,Existing User
Nabilla Amirah,Wikimedia_Indonesia/Wikilatih_Wikidata_Padang_18_Januari_2025,2025-01-05 06:35:28+00:00,2026-01-17 22:00:00+00:00,377.642037037037,Existing User
Rfadilla,Wikimedia_Indonesia/Wikilatih_Wikidata_Padang_18_Januari_2025,2025-05-14 04:19:13+00:00,2026-01-17 22:00:00+00:00,248.7366550925926,Existing User
Melani Nur Azizah,Wikimedia_Indonesia/Wikilatih_Wikidata_Padang_18_Januari_2025,2025-05-18 08:57:45+00:00,2026-01-17 22:00:00+00:00,244.54322916666666,Existing User
Laila Nasution,Wikimedia_Indonesia/Wikilatih_Wikidata_Padang_18_Januari_2025,2025-09-09 11:29:44+00:00,2026-01-17 22:00:00+00:00,130.4376851851852,Existing User
DwiFidratul,Wikimedia_Indonesia/Wikilatih_Wikidata_Padang_18_Januari_2025,2025-06-26 11:35:02+00:00,2026-01-17 22:00:00+00:00,205.43400462962964,Existing User
Diarahmaa,Wikimedia_Indonesia/Wikilatih_Wikidata_Padang_18_Januari_2025,2025-06-26 11:09:24+00:00,2026-01-17 22:00:00+00:00,205.45180555555555,Existing User
Mislaura Vani,Wikimedia_Indonesia/Wikilatih_Wikidata_Padang_18_Januari_2025,2025-09-25 12:35:46+00:00,2026-01-17 22:00:00+00:00,114.39182870370371,Existing User
EDITIAWARMAN,Wikimedia_Indonesia/Wikilatih_Wikidata_Padang_18_Januari_2025,2026-01-10 14:28:18+00:00,2026-01-17 22:00:00+00:00,7.313680555555556,Existing User
Wahyu Rahmat Ilahi,Wikimedia_Indonesia/Wikilatih_Wikidata_Padang_18_Januari_2025,2025-05-30 03:18:11+00:00,2026-01-17 22:00:00+00:00,232.77903935185185,Existing User
Mirasusanti12345,Wikimedia_Indonesia/Wikilatih_Wikidata_Padang_18_Januari_2025,2026-01-18 04:48:51+00:00,2026-01-17 22:00:00+00:00,-0.2839236111111111,New User
Aya2201,Wikimedia_Indonesia/Wikilatih_Wikidata_Padang_18_Januari_2025,2026-01-18 05:30:27+00:00,2026-01-17 22:00:00+00:00,-0.3128125,New User
Syahrul pembelajar,Wikimedia_Indonesia/Wikilatih_Wikidata_Padang_18_Januari_2025,2026-01-10 14:15:20+00:00,2026-01-17 22:00:00+00:00,7.322685185185185,Existing User
Rickyimadia,Wikimedia_Indonesia/Wikilatih_Wikidata_Padang_18_Januari_2025,2026-01-10 02:15:02+00:00,2026-01-17 22:00:00+00:00,7.822893518518518,Existing User
Icayunisarm,Wikimedia_Indonesia/Wikilatih_Wikidata_Padang_18_Januari_2025,2025-05-29 04:14:06+00:00,2026-01-17 22:00:00+00:00,233.74020833333333,Existing User
Budialen65,Wikimedia_Indonesia/Wikilatih_Wikidata_Padang_18_Januari_2025,2026-01-09 16:32:29+00:00,2026-01-17 22:00:00+00:00,8.22744212962963,Existing User
Ecamirna,Wikimedia_Indonesia/Wikilatih_Wikidata_Padang_18_Januari_2025,2026-01-09 16:09:32+00:00,2026-01-17 22:00:00+00:00,8.24337962962963,Existing User
Ekahei,Wikimedia_Indonesia/Wikilatih_Wikidata_Padang_18_Januari_2025,2026-01-12 07:44:01+00:00,2026-01-17 22:00:00+00:00,5.594432870370371,New User
Losstreak,Wikimedia_Indonesia/Wikilatih_Wikidata_Bangka_Belitung_Januari_2026,2022-11-21 07:22:21+00:00,2026-01-17 22:00:00+00:00,1153.6094791666667,Existing User
Eccyjermany,Wikimedia_Indonesia/Wikilatih_Wikidata_Bangka_Belitung_Januari_2026,2026-01-16 03:35:01+00:00,2026-01-17 22:00:00+00:00,1.7673495370370371,New User
Mobilelegendbangbang,Wikimedia_Indonesia/Wikilatih_Wikidata_Bangka_Belitung_Januari_2026,2026-01-18 03:37:49+00:00,2026-01-17 22:00:00+00:00,-0.2345949074074074,New User
Edo Alamsyah,Wikimedia_Indonesia/Wikilatih_Wikidata_Bangka_Belitung_Januari_2026,2026-01-12 15:08:26+00:00,2026-01-17 22:00:00+00:00,5.285810185185185,New User
Asepkarbuu,Wikimedia_Indonesia/Wikilatih_Wikidata_Bangka_Belitung_Januari_2026,2026-01-18 03:41:44+00:00,2026-01-17 22:00:00+00:00,-0.2373148148148148,New User
Elsa Firlya,Wikimedia_Indonesia/Wikilatih_Wikidata_Bangka_Belitung_Januari_2026,2026-01-08 04:27:56+00:00,2026-01-17 22:00:00+00:00,9.730601851851851,Existing User
Radsfarda,Wikimedia_Indonesia/Wikilatih_Wikidata_Bangka_Belitung_Januari_2026,2026-01-18 02:10:52+00:00,2026-01-17 22:00:00+00:00,-0.17421296296296296,New User
Xiezyun,Wikimedia_Indonesia/Wikilatih_Wikidata_Bangka_Belitung_Januari_2026,2026-01-17 14:56:50+00:00,2026-01-17 22:00:00+00:00,0.29386574074074073,New User
Deliissss,Wikimedia_Indonesia/Wikilatih_Wikidata_Bangka_Belitung_Januari_2026,2026-01-18 03:32:17+00:00,2026-01-17 22:00:00+00:00,-0.2307523148148148,New User
Waaawaaa,Wikimedia_Indonesia/Wikilatih_Wikidata_Bangka_Belitung_Januari_2026,2026-01-15 05:09:14+00:00,2026-01-17 22:00:00+00:00,2.7019212962962964,New User
Vina Syahruni,Wikimedia_Indonesia/Wikilatih_Wikidata_Bangka_Belitung_Januari_2026,2026-01-15 15:29:53+00:00,2026-01-17 22:00:00+00:00,2.270914351851852,New User
Sitiliza,Wikimedia_Indonesia/Wikilatih_Wikidata_Bangka_Belitung_Januari_2026,2026-01-15 12:47:46+00:00,2026-01-17 22:00:00+00:00,2.3834953703703703,New User
Zam Zam Islamy,Wikimedia_Indonesia/Wikilatih_Wikidata_Bangka_Belitung_Januari_2026,2026-01-09 04:25:42+00:00,2026-01-17 22:00:00+00:00,8.732152777777777,Existing User
Muhammad Zaki Ariza,Wikimedia_Indonesia/Wikilatih_Wikidata_Bangka_Belitung_Januari_2026,2026-01-08 14:28:49+00:00,2026-01-17 22:00:00+00:00,9.31332175925926,Existing User
Amruelasaa,Wikimedia_Indonesia/Wikilatih_Wikidata_Bangka_Belitung_Januari_2026,2026-01-18 00:48:09+00:00,2026-01-17 22:00:00+00:00,-0.11677083333333334,New User
Noirick,Wikimedia_Indonesia/Wikilatih_Wikidata_Bangka_Belitung_Januari_2026,2026-01-18 03:45:03+00:00,2026-01-17 22:00:00+00:00,-0.23961805555555554,New User
Lylyblee,Wikimedia_Indonesia/Wikilatih_Wikidata_Bangka_Belitung_Januari_2026,2026-01-12 16:01:04+00:00,2026-01-17 22:00:00+00:00,5.249259259259259,New User
Vdtmp,Wikimedia_Indonesia/Wikilatih_Wikidata_Bangka_Belitung_Januari_2026,2026-01-18 03:35:22+00:00,2026-01-17 22:00:00+00:00,-0.23289351851851853,New User
Affandy Murad,Wikimedia_Indonesia/Kopdar_Wikidata_Daluring_Jambi_x_Jakarta_Januari_2025,2008-06-30 12:36:43+00:00,2026-01-24 22:00:00+00:00,6417.391168981481,Existing User
Muhamad Izzul Fiqih,Wikimedia_Indonesia/Kopdar_Wikidata_Daluring_Jambi_x_Jakarta_Januari_2025,2022-06-11 08:06:37+00:00,2026-01-24 22:00:00+00:00,1323.5787384259258,Existing User
Pitchrigi,Wikimedia_Indonesia/Kopdar_Wikidata_Daluring_Jambi_x_Jakarta_Januari_2025,2023-06-03 15:30:03+00:00,2026-01-24 22:00:00+00:00,966.2707986111111,Existing User
Dho Hindun,Wikimedia_Indonesia/Kopdar_Wikidata_Daluring_Jambi_x_Jakarta_Januari_2025,2025-05-26 12:13:18+00:00,2026-01-24 22:00:00+00:00,243.40743055555555,Existing User
Iluvtari,Wikimedia_Indonesia/Kopdar_Wikidata_Daluring_Jambi_x_Jakarta_Januari_2025,2025-05-26 08:48:44+00:00,2026-01-24 22:00:00+00:00,243.54949074074074,Existing User
YOGI NUGRAHA PUTRA,Wikimedia_Indonesia/Kopdar_Wikidata_Daluring_Jambi_x_Jakarta_Januari_2025,2025-03-23 10:24:58+00:00,2026-01-24 22:00:00+00:00,307.482662037037,Existing User
Kreasipenaikhwan,Wikimedia_Indonesia/Kopdar_Wikidata_Daluring_Jambi_x_Jakarta_Januari_2025,2026-01-15 09:56:53+00:00,2026-01-24 22:00:00+00:00,9.502164351851851,Existing User
Gemoy emes,Wikimedia_Indonesia/Kopdar_Wikidata_Daluring_Jambi_x_Jakarta_Januari_2025,2025-12-21 09:23:11+00:00,2026-01-24 22:00:00+00:00,34.52556712962963,Existing User
Arkadaş Li,Wikimedia_Indonesia/Kopdar_Wikidata_Daluring_Jambi_x_Jakarta_Januari_2025,2026-01-15 11:15:39+00:00,2026-01-24 22:00:00+00:00,9.447465277777777,Existing User
Zaara wylie,Wikimedia_Indonesia/Kopdar_Wikidata_Daluring_Jambi_x_Jakarta_Januari_2025,2026-01-16 18:02:52+00:00,2026-01-24 22:00:00+00:00,8.164675925925925,Existing User
NurraCealo79,Wikimedia_Indonesia/Kopdar_Wikidata_Daluring_Jambi_x_Jakarta_Januari_2025,2026-01-16 06:19:40+00:00,2026-01-24 22:00:00+00:00,8.653009259259258,Existing User
Ika Y. Suryadi,Wikimedia_Indonesia/Kopdar_Wikidata_Daluring_Jambi_x_Jakarta_Januari_2025,2023-01-12 02:41:15+00:00,2026-01-24 22:00:00+00:00,1108.8046875,Existing User
Akusukabayam,Wikimedia_Indonesia/Kopdar_Wikidata_Daluring_Jambi_x_Jakarta_Januari_2025,2026-01-25 03:10:30+00:00,2026-01-24 22:00:00+00:00,-0.215625,New User
Bang Muk,Wikimedia_Indonesia/Kopdar_Wikidata_Daluring_Jambi_x_Jakarta_Januari_2025,2026-01-25 03:04:15+00:00,2026-01-24 22:00:00+00:00,-0.21128472222222222,New User
ArifMaiZam1001,Wikimedia_Indonesia/Kopdar_Wikidata_Daluring_Jambi_x_Jakarta_Januari_2025,2026-01-24 00:08:54+00:00,2026-01-24 22:00:00+00:00,0.9104861111111111,New User
Ridwan Sugara,Wikimedia_Indonesia/Kopdar_Wikidata_Daluring_Jambi_x_Jakarta_Januari_2025,2026-01-25 02:59:51+00:00,2026-01-24 22:00:00+00:00,-0.20822916666666666,New User
Chevi absyar,Wikimedia_Indonesia/Wikilatih_Wikidata_YBLI,2025-11-10 06:48:42+00:00,2026-01-21 22:00:00+00:00,72.63284722222222,Existing User
Sygrayem,Wikimedia_Indonesia/Datathon_Musik_Indonesia,2014-12-17 13:11:20+00:00,2026-01-28 17:00:00+00:00,4060.1587962962963,Existing User
Empat Tilda,Wikimedia_Indonesia/Datathon_Musik_Indonesia,2018-02-13 11:25:35+00:00,2026-01-28 17:00:00+00:00,2906.2322337962964,Existing User
Ah.Masyhar,Wikimedia_Indonesia/Datathon_Musik_Indonesia,2021-10-09 13:13:51+00:00,2026-01-28 17:00:00+00:00,1572.1570486111111,Existing User
Mery Nurfa Dilla,Wikimedia_Indonesia/Datathon_Musik_Indonesia,2021-10-24 06:16:42+00:00,2026-01-28 17:00:00+00:00,1557.446736111111,Existing User
Nurhidayah Tanjung,Wikimedia_Indonesia/Datathon_Musik_Indonesia,2020-02-04 12:06:12+00:00,2026-01-28 17:00:00+00:00,2185.204027777778,Existing User
Rizall 91202,Wikimedia_Indonesia/Datathon_Musik_Indonesia,2023-01-01 03:09:15+00:00,2026-01-28 17:00:00+00:00,1123.5769097222221,Existing User
Annidafattiya,Wikimedia_Indonesia/Datathon_Musik_Indonesia,2023-03-13 12:01:15+00:00,2026-01-28 17:00:00+00:00,1052.2074652777778,Existing User
Happywu,Wikimedia_Indonesia/Datathon_Musik_Indonesia,2023-12-07 15:52:47+00:00,2026-01-28 17:00:00+00:00,783.0466782407408,Existing User
Muufii,Wikimedia_Indonesia/Datathon_Musik_Indonesia,2024-06-27 08:34:34+00:00,2026-01-28 17:00:00+00:00,580.3509953703704,Existing User
Kume Gucci,Wikimedia_Indonesia/Datathon_Musik_Indonesia,2024-06-08 06:58:38+00:00,2026-01-28 17:00:00+00:00,599.4176157407408,Existing User
Afdhal Sy,Wikimedia_Indonesia/Datathon_Musik_Indonesia,2024-09-22 13:24:56+00:00,2026-01-28 17:00:00+00:00,493.14935185185186,Existing User
Pluviophille,Wikimedia_Indonesia/Datathon_Musik_Indonesia,2025-08-14 02:57:26+00:00,2026-01-28 17:00:00+00:00,167.58511574074075,Existing User
Anita Basyaiban,Wikimedia_Indonesia/Datathon_Musik_Indonesia,2026-01-30 03:56:18+00:00,2026-01-28 17:00:00+00:00,-1.4557638888888889,New User
Untari120,Wikimedia_Indonesia/Wikilatih_Wikidata_BRIN,2021-11-23 12:45:35+00:00,2026-03-02 22:00:00+00:00,1560.385011574074,Existing User
Mareginak,Wikimedia_Indonesia/Wikilatih_Wikidata_BRIN,2026-03-03 01:24:29+00:00,2026-03-02 22:00:00+00:00,-0.14200231481481482,New User
Anjarilham123,Wikimedia_Indonesia/Wikilatih_Wikidata_BRIN,2026-03-03 01:12:46+00:00,2026-03-02 22:00:00+00:00,-0.13386574074074073,New User
D4T4KU35,Wikimedia_Indonesia/Wikilatih_Wikidata_BRIN,2026-03-02 01:43:15+00:00,2026-03-02 22:00:00+00:00,0.8449652777777777,New User
Ahma042,Wikimedia_Indonesia/Wikilatih_Wikidata_BRIN,2026-03-02 14:25:23+00:00,2026-03-02 22:00:00+00:00,0.31570601851851854,New User
Arnutara,Wikimedia_Indonesia/Wikilatih_Wikidata_BRIN,2026-03-03 01:56:05+00:00,2026-03-02 22:00:00+00:00,-0.16394675925925925,New User
Rulilin,Wikimedia_Indonesia/Wikilatih_Wikidata_BRIN,2026-03-03 01:42:32+00:00,2026-03-02 22:00:00+00:00,-0.15453703703703703,New User
Datalaya,Wikimedia_Indonesia/Wikilatih_Wikidata_BRIN,2026-03-02 01:52:06+00:00,2026-03-02 22:00:00+00:00,0.8388194444444445,New User
Jaen19680519,Wikimedia_Indonesia/Wikilatih_Wikidata_BRIN,2026-03-03 02:07:11+00:00,2026-03-02 22:00:00+00:00,-0.1716550925925926,New User
Savirard,Wikimedia_Indonesia/Wikilatih_Wikidata_BRIN,2026-03-03 02:11:40+00:00,2026-03-02 22:00:00+00:00,-0.17476851851851852,New User
Rizzal87,Wikimedia_Indonesia/Wikilatih_Wikidata_BRIN,2026-03-03 01:49:47+00:00,2026-03-02 22:00:00+00:00,-0.15957175925925926,New User
Data2ku,Wikimedia_Indonesia/Wikilatih_Wikidata_BRIN,2026-03-03 01:15:56+00:00,2026-03-02 22:00:00+00:00,-0.1360648148148148,New User
Dhee03,Wikimedia_Indonesia/Wikilatih_Wikidata_BRIN,2026-03-03 01:38:50+00:00,2026-03-02 22:00:00+00:00,-0.1519675925925926,New User
Hetha23,Wikimedia_Indonesia/Wikilatih_Wikidata_BRIN,2026-03-03 01:40:26+00:00,2026-03-02 22:00:00+00:00,-0.15307870370370372,New User
Ikanarwana,Wikimedia_Indonesia/Wikilatih_Wikidata_BRIN,2026-03-02 02:17:37+00:00,2026-03-02 22:00:00+00:00,0.8210995370370371,New User
EendR,Wikimedia_Indonesia/Wikilatih_Wikidata_BRIN,2026-03-03 01:48:56+00:00,2026-03-02 22:00:00+00:00,-0.15898148148148147,New User
LisdaRahayu,Wikimedia_Indonesia/Wikilatih_Wikidata_BRIN,2026-03-02 04:25:58+00:00,2026-03-02 22:00:00+00:00,0.7319675925925926,New User
Noerda,Wikimedia_Indonesia/Wikilatih_Wikidata_BRIN,2026-03-03 01:34:57+00:00,2026-03-02 22:00:00+00:00,-0.14927083333333332,New User
TripleteHunter,Wikimedia_Indonesia/Wikilatih_Wikidata_BRIN,2026-03-02 02:22:24+00:00,2026-03-02 22:00:00+00:00,0.8177777777777778,New User
Kolaktape,Wikimedia_Indonesia/Wikilatih_Wikidata_BRIN,2026-03-03 02:01:25+00:00,2026-03-02 22:00:00+00:00,-0.16765046296296296,New User
Lawangsewu,Wikimedia_Indonesia/Wikilatih_Wikidata_BRIN,2026-03-03 01:57:43+00:00,2026-03-02 22:00:00+00:00,-0.16508101851851853,New User
Kupunyadata,Wikimedia_Indonesia/Wikilatih_Wikidata_BRIN,2026-03-02 01:45:22+00:00,2026-03-02 22:00:00+00:00,0.8434953703703704,New User
N.imaema,Wikimedia_Indonesia/Wikilatih_Wikidata_Madura_29_Maret,2023-02-20 03:51:39+00:00,2026-03-28 22:00:00+00:00,1132.755798611111,Existing User
Butterfly Beauty2003,Wikimedia_Indonesia/Wikilatih_Wikidata_Madura_29_Maret,2024-01-21 02:13:25+00:00,2026-03-28 22:00:00+00:00,797.8240162037036,Existing User
Hainisyaf,Wikimedia_Indonesia/Wikilatih_Wikidata_Madura_29_Maret,2024-03-03 03:50:26+00:00,2026-03-28 22:00:00+00:00,755.7566435185186,Existing User
Sastranap,Wikimedia_Indonesia/Wikilatih_Wikidata_Madura_29_Maret,2024-03-03 02:31:29+00:00,2026-03-28 22:00:00+00:00,755.8114699074074,Existing User
Exdhar,Wikimedia_Indonesia/Wikilatih_Wikidata_Madura_29_Maret,2024-04-19 13:04:54+00:00,2026-03-28 22:00:00+00:00,708.3715972222222,Existing User
Ahmedsheeran,Wikimedia_Indonesia/Wikilatih_Wikidata_Madura_29_Maret,2025-11-06 21:58:35+00:00,2026-03-28 22:00:00+00:00,142.0009837962963,Existing User
Ibrohim tijani,Wikimedia_Indonesia/Wikilatih_Wikidata_Madura_29_Maret,2025-10-25 12:20:55+00:00,2026-03-28 22:00:00+00:00,154.4021412037037,Existing User
Rara Kamiliya,Wikimedia_Indonesia/Wikilatih_Wikidata_Madura_29_Maret,2025-10-10 06:10:15+00:00,2026-03-28 22:00:00+00:00,169.65954861111112,Existing User
Shofiafiya,Wikimedia_Indonesia/Wikilatih_Wikidata_Madura_29_Maret,2026-03-15 07:58:19+00:00,2026-03-28 22:00:00+00:00,13.584502314814815,Existing User
Thalassophile,Wikimedia_Indonesia/Wikilatih_Wikidata_Madura_29_Maret,2025-12-04 14:53:23+00:00,2026-03-28 22:00:00+00:00,114.29626157407408,Existing User
Malaa98,Wikimedia_Indonesia/Wikilatih_Wikidata_Madura_29_Maret,2026-03-15 09:16:21+00:00,2026-03-28 22:00:00+00:00,13.5303125,Existing User
Mry25,Wikimedia_Indonesia/Wikilatih_Wikidata_Madura_29_Maret,2026-03-15 10:55:36+00:00,2026-03-28 22:00:00+00:00,13.461388888888889,Existing User
Bararah,Wikimedia_Indonesia/Wikilatih_Wikidata_Madura_29_Maret,2026-03-12 15:37:22+00:00,2026-03-28 22:00:00+00:00,16.265717592592594,Existing User
Waqid,Wikimedia_Indonesia/Wikilatih_Wikidata_Madura_29_Maret,2020-01-27 19:50:42+00:00,2026-03-28 22:00:00+00:00,2252.0897916666668,Existing User
Stenlyparker,Wikimedia_Indonesia/Wikilatih_Wikidata_Jakarta_31_Maret_2026,2026-03-31 07:41:54+00:00,2026-03-30 22:00:00+00:00,-0.4040972222222222,New User
Brownismatcha,Wikimedia_Indonesia/Wikilatih_Wikidata_Jakarta_31_Maret_2026,2026-03-31 07:57:42+00:00,2026-03-30 22:00:00+00:00,-0.41506944444444444,New User
Yamizo,Wikimedia_Indonesia/Wikilatih_Wikidata_Jakarta_31_Maret_2026,2026-01-20 02:46:09+00:00,2026-03-30 22:00:00+00:00,69.80128472222222,Existing User
SOOUW,Wikimedia_Indonesia/Wikilatih_Wikidata_Jakarta_31_Maret_2026,2026-01-20 02:47:11+00:00,2026-03-30 22:00:00+00:00,69.80056712962963,Existing User
Pastelcereal,Wikimedia_Indonesia/Wikilatih_Wikidata_Jakarta_31_Maret_2026,2026-03-31 07:53:48+00:00,2026-03-30 22:00:00+00:00,-0.4123611111111111,New User
Mihyaerukaiza,Wikimedia_Indonesia/Wikilatih_Wikidata_Jakarta_31_Maret_2026,2026-03-31 08:41:26+00:00,2026-03-30 22:00:00+00:00,-0.4454398148148148,New User
Daritadiaja,Wikimedia_Indonesia/Wikilatih_Wikidata_Jakarta_31_Maret_2026,2026-03-31 09:12:01+00:00,2026-03-30 22:00:00+00:00,-0.46667824074074077,New User
Fangtuah,Wikimedia_Indonesia/Wikilatih_Wikidata_Jakarta_31_Maret_2026,2026-03-31 07:47:30+00:00,2026-03-30 22:00:00+00:00,-0.4079861111111111,New User
Ading aja,Wikimedia_Indonesia/Wikilatih_Wikidata_Jakarta_31_Maret_2026,2026-03-31 07:57:59+00:00,2026-03-30 22:00:00+00:00,-0.4152662037037037,New User
Bangamatzy,Wikimedia_Indonesia/Wikilatih_Wikidata_Jakarta_31_Maret_2026,2026-01-20 02:49:02+00:00,2026-03-30 22:00:00+00:00,69.7992824074074,Existing User
Nasgorpekalongan99,Wikimedia_Indonesia/Wikilatih_Wikidata_Jakarta_31_Maret_2026,2026-03-31 07:47:17+00:00,2026-03-30 22:00:00+00:00,-0.40783564814814816,New User
Glize with,Wikimedia_Indonesia/Wikilatih_Wikidata_Jakarta_31_Maret_2026,2026-03-31 07:57:58+00:00,2026-03-30 22:00:00+00:00,-0.4152546296296296,New User
Mintaseratus,Wikimedia_Indonesia/Wikilatih_Wikidata_Jakarta_31_Maret_2026,2026-03-31 08:01:38+00:00,2026-03-30 22:00:00+00:00,-0.41780092592592594,New User
Bagilimaribu,Wikimedia_Indonesia/Wikilatih_Wikidata_Jakarta_31_Maret_2026,2026-03-31 08:01:46+00:00,2026-03-30 22:00:00+00:00,-0.4178935185185185,New User
Asfail1212,Wikimedia_Indonesia/Wikilatih_Wikidata_Jakarta_31_Maret_2026,2026-03-31 07:53:50+00:00,2026-03-30 22:00:00+00:00,-0.41238425925925926,New User
Mangusuyuppp1,Wikimedia_Indonesia/Wikilatih_Wikidata_Jakarta_31_Maret_2026,2026-03-31 07:44:54+00:00,2026-03-30 22:00:00+00:00,-0.40618055555555554,New User
Ucupphexa,Wikimedia_Indonesia/Wikilatih_Wikidata_Jakarta_31_Maret_2026,2026-03-31 07:36:55+00:00,2026-03-30 22:00:00+00:00,-0.40063657407407405,New User
Noursdlly,Wikimedia_Indonesia/Wikilatih_Wikidata_Banjarnegara,2024-06-28 08:44:36+00:00,2026-04-18 22:00:00+00:00,659.5523611111112,Existing User
Sri aini,Wikimedia_Indonesia/Wikilatih_Wikidata_Banjarnegara,2021-07-14 16:54:39+00:00,2026-04-18 22:00:00+00:00,1739.2120486111112,Existing User
Aghnisans,Wikimedia_Indonesia/Wikilatih_Wikidata_Banjarnegara,2024-09-29 04:23:24+00:00,2026-04-18 22:00:00+00:00,566.73375,Existing User
TyoAriSetiadi,Wikimedia_Indonesia/Wikilatih_Wikidata_Banjarnegara,2026-02-14 23:21:59+00:00,2026-04-18 22:00:00+00:00,62.94306712962963,Existing User
Ailymaheswari,Wikimedia_Indonesia/Wikilatih_Wikidata_Banjarnegara,2026-04-19 03:04:22+00:00,2026-04-18 22:00:00+00:00,-0.21136574074074074,New User
Amelia.marelle,Wikimedia_Indonesia/Wikilatih_Wikidata_Banjarnegara,2026-04-19 02:58:30+00:00,2026-04-18 22:00:00+00:00,-0.20729166666666668,New User
Anifatun Kh,Wikimedia_Indonesia/Wikilatih_Wikidata_Banjarnegara,2026-04-18 17:15:02+00:00,2026-04-18 22:00:00+00:00,0.19789351851851852,New User
AuliaUr,Wikimedia_Indonesia/Wikilatih_Wikidata_Banjarnegara,2026-04-19 02:58:42+00:00,2026-04-18 22:00:00+00:00,-0.20743055555555556,New User
Dian Kusuma W,Wikimedia_Indonesia/Wikilatih_Wikidata_Banjarnegara,2026-04-19 04:34:22+00:00,2026-04-18 22:00:00+00:00,-0.2738657407407407,New User
Ifanach,Wikimedia_Indonesia/Wikilatih_Wikidata_Banjarnegara,2026-04-19 03:00:31+00:00,2026-04-18 22:00:00+00:00,-0.20869212962962963,New User
Kepin123,Wikimedia_Indonesia/Wikilatih_Wikidata_Banjarnegara,2026-04-20 04:29:20+00:00,2026-04-18 22:00:00+00:00,-1.2703703703703704,New User
Kfyaa,Wikimedia_Indonesia/Wikilatih_Wikidata_Banjarnegara,2023-04-15 13:18:26+00:00,2026-04-18 22:00:00+00:00,1099.3621990740742,Existing User
Khuluqul afyz,Wikimedia_Indonesia/Wikilatih_Wikidata_Banjarnegara,2026-04-18 17:49:55+00:00,2026-04-18 22:00:00+00:00,0.1736689814814815,New User
Nurmalalala,Wikimedia_Indonesia/Wikilatih_Wikidata_Banjarnegara,2026-04-19 02:58:33+00:00,2026-04-18 22:00:00+00:00,-0.20732638888888888,New User
Rochman Zamani,Wikimedia_Indonesia/Wikilatih_Wikidata_Banjarnegara,2024-10-27 00:29:00+00:00,2026-04-18 22:00:00+00:00,538.8965277777778,Existing User
Rwants27,Wikimedia_Indonesia/Wikilatih_Wikidata_Banjarnegara,2026-04-19 03:09:11+00:00,2026-04-18 22:00:00+00:00,-0.21471064814814814,New User
SERLI MUBAROKAH,Wikimedia_Indonesia/Wikilatih_Wikidata_Banjarnegara,2026-04-19 03:00:34+00:00,2026-04-18 22:00:00+00:00,-0.20872685185185186,New User
Umifatt,Wikimedia_Indonesia/Wikilatih_Wikidata_Banjarnegara,2026-04-18 16:54:57+00:00,2026-04-18 22:00:00+00:00,0.21184027777777778,New User
Rahmie Sabine,Wikimedia_Indonesia/Datathon_Bulan_Wiki_Perempuan_2026,2020-08-10 16:22:02+00:00,2026-04-23 17:00:00+00:00,2082.026365740741,Existing User
Fakhruddin Arrazzi,Wikimedia_Indonesia/Datathon_Bulan_Wiki_Perempuan_2026,2019-10-06 14:51:42+00:00,2026-04-23 17:00:00+00:00,2391.0890972222223,Existing User
Ah.Masyhar,Wikimedia_Indonesia/Datathon_Bulan_Wiki_Perempuan_2026,2021-10-09 13:13:51+00:00,2026-04-23 17:00:00+00:00,1657.1570486111111,Existing User
Mery Nurfa Dilla,Wikimedia_Indonesia/Datathon_Bulan_Wiki_Perempuan_2026,2021-10-24 06:16:42+00:00,2026-04-23 17:00:00+00:00,1642.446736111111,Existing User
Nurhidayah Tanjung,Wikimedia_Indonesia/Datathon_Bulan_Wiki_Perempuan_2026,2020-02-04 12:06:12+00:00,2026-04-23 17:00:00+00:00,2270.204027777778,Existing User
Alicya-,Wikimedia_Indonesia/Datathon_Bulan_Wiki_Perempuan_2026,2019-12-03 03:42:36+00:00,2026-04-23 17:00:00+00:00,2333.55375,Existing User
Hasnanf,Wikimedia_Indonesia/Datathon_Bulan_Wiki_Perempuan_2026,2022-11-03 11:45:07+00:00,2026-04-23 17:00:00+00:00,1267.2186689814814,Existing User
Radramboo,Wikimedia_Indonesia/Datathon_Bulan_Wiki_Perempuan_2026,2022-08-27 10:06:38+00:00,2026-04-23 17:00:00+00:00,1335.2870601851853,Existing User
Seeharee,Wikimedia_Indonesia/Datathon_Bulan_Wiki_Perempuan_2026,2022-12-14 12:50:22+00:00,2026-04-23 17:00:00+00:00,1226.1733564814815,Existing User
Dyalim,Wikimedia_Indonesia/Datathon_Bulan_Wiki_Perempuan_2026,2023-01-11 05:13:18+00:00,2026-04-23 17:00:00+00:00,1198.490763888889,Existing User
Fardhanzlf,Wikimedia_Indonesia/Datathon_Bulan_Wiki_Perempuan_2026,2023-02-24 18:36:58+00:00,2026-04-23 17:00:00+00:00,1153.932662037037,Existing User
N.imaema,Wikimedia_Indonesia/Datathon_Bulan_Wiki_Perempuan_2026,2023-02-20 03:51:39+00:00,2026-04-23 17:00:00+00:00,1158.5474652777777,Existing User
Cgjkldn,Wikimedia_Indonesia/Datathon_Bulan_Wiki_Perempuan_2026,2022-03-22 12:58:31+00:00,2026-04-23 17:00:00+00:00,1493.1676967592593,Existing User
OwlyKnight,Wikimedia_Indonesia/Datathon_Bulan_Wiki_Perempuan_2026,2022-09-16 06:42:02+00:00,2026-04-23 17:00:00+00:00,1315.4291435185185,Existing User
Sansabit,Wikimedia_Indonesia/Datathon_Bulan_Wiki_Perempuan_2026,2024-05-19 03:38:44+00:00,2026-04-23 17:00:00+00:00,704.5564351851851,Existing User
Ratri Ayumsari,Wikimedia_Indonesia/Datathon_Bulan_Wiki_Perempuan_2026,2024-11-04 15:15:38+00:00,2026-04-23 17:00:00+00:00,535.0724768518519,Existing User
Ris00l may00,Wikimedia_Indonesia/Datathon_Bulan_Wiki_Perempuan_2026,2024-12-05 06:16:43+00:00,2026-04-23 17:00:00+00:00,504.446724537037,Existing User
Sekar Jarwo Soekarno,Wikimedia_Indonesia/Datathon_Bulan_Wiki_Perempuan_2026,2024-06-20 04:14:58+00:00,2026-04-23 17:00:00+00:00,672.5312731481481,Existing User
Afdhal Sy,Wikimedia_Indonesia/Datathon_Bulan_Wiki_Perempuan_2026,2024-09-22 13:24:56+00:00,2026-04-23 17:00:00+00:00,578.1493518518519,Existing User
Ahmedsheeran,Wikimedia_Indonesia/Datathon_Bulan_Wiki_Perempuan_2026,2025-11-06 21:58:35+00:00,2026-04-23 17:00:00+00:00,167.79265046296297,Existing User
Ars-arsa,Wikimedia_Indonesia/Datathon_Bulan_Wiki_Perempuan_2026,2025-12-07 06:55:40+00:00,2026-04-23 17:00:00+00:00,137.41967592592593,Existing User
Adhiiik,Wikimedia_Indonesia/Datathon_Bulan_Wiki_Perempuan_2026,2025-12-16 03:50:45+00:00,2026-04-23 17:00:00+00:00,128.5480902777778,Existing User
Diaryharumpuspita,Wikimedia_Indonesia/Datathon_Bulan_Wiki_Perempuan_2026,2025-12-08 06:25:16+00:00,2026-04-23 17:00:00+00:00,136.44078703703704,Existing User
Anita Basyaiban,Wikimedia_Indonesia/Datathon_Bulan_Wiki_Perempuan_2026,2026-01-30 03:56:18+00:00,2026-04-23 17:00:00+00:00,83.5442361111111,Existing User
Sarieffe,Wikimedia_Indonesia/Datathon_Bulan_Wiki_Perempuan_2026,2026-01-31 13:18:30+00:00,2026-04-23 17:00:00+00:00,82.15381944444445,Existing User
Pangesti Dewi Letari,Wikimedia_Indonesia/Datathon_Bulan_Wiki_Perempuan_2026,2026-02-15 01:21:43+00:00,2026-04-23 17:00:00+00:00,67.65158564814814,Existing User
Nurania,Wikimedia_Indonesia/Datathon_Bulan_Wiki_Perempuan_2026,2026-04-23 01:18:44+00:00,2026-04-23 17:00:00+00:00,0.6536574074074074,New User
Alykarina,Wikimedia_Indonesia/Datathon_Bulan_Wiki_Perempuan_2026,2026-02-16 04:42:55+00:00,2026-04-23 17:00:00+00:00,66.51186342592592,Existing User
Eka Aprilia Fajrin,Wikimedia_Indonesia/Datathon_Bulan_Wiki_Perempuan_2026,2026-04-22 08:04:35+00:00,2026-04-23 17:00:00+00:00,1.3718171296296295,New User
Rahmatdenas,Wikimedia_Indonesia/Wikilatih_Wikidata_Yogyakarta_2026,2011-06-06 11:31:47+00:00,2026-04-25 22:00:00+00:00,5437.436261574074,Existing User
Sam Hidayat,Wikimedia_Indonesia/Wikilatih_Wikidata_Yogyakarta_2026,2017-12-28 05:51:25+00:00,2026-04-25 22:00:00+00:00,3040.6726273148147,Existing User
Fhikri Latifi,Wikimedia_Indonesia/Wikilatih_Wikidata_Yogyakarta_2026,2024-07-13 11:48:22+00:00,2026-04-25 22:00:00+00:00,651.4247453703704,Existing User
Yuliarp,Wikimedia_Indonesia/Wikilatih_Wikidata_Yogyakarta_2026,2024-09-27 08:43:19+00:00,2026-04-25 22:00:00+00:00,575.5532523148148,Existing User
Ris00l may00,Wikimedia_Indonesia/Wikilatih_Wikidata_Yogyakarta_2026,2024-12-05 06:16:43+00:00,2026-04-25 22:00:00+00:00,506.65505787037034,Existing User
Novita02,Wikimedia_Indonesia/Wikilatih_Wikidata_Yogyakarta_2026,2025-02-21 07:48:58+00:00,2026-04-25 22:00:00+00:00,428.59099537037036,Existing User
Suga Widi,Wikimedia_Indonesia/Wikilatih_Wikidata_Yogyakarta_2026,2025-04-27 15:05:34+00:00,2026-04-25 22:00:00+00:00,363.2878009259259,Existing User
Kiaryabagusadiwardana,Wikimedia_Indonesia/Wikilatih_Wikidata_Yogyakarta_2026,2024-12-30 10:37:10+00:00,2026-04-25 22:00:00+00:00,481.4741898148148,Existing User
Afifah Al Adzkiya,Wikimedia_Indonesia/Wikilatih_Wikidata_Yogyakarta_2026,2025-12-01 08:00:35+00:00,2026-04-25 22:00:00+00:00,145.58292824074073,Existing User
Annafinanda,Wikimedia_Indonesia/Wikilatih_Wikidata_Yogyakarta_2026,2025-10-14 12:40:53+00:00,2026-04-25 22:00:00+00:00,193.38827546296295,Existing User
FaradillaLala12,Wikimedia_Indonesia/Wikilatih_Wikidata_Yogyakarta_2026,2026-04-26 03:17:51+00:00,2026-04-25 22:00:00+00:00,-0.22072916666666667,New User
Benabrid,Wikimedia_Indonesia/Wikilatih_Wikidata_Yogyakarta_2026,2026-02-11 16:11:25+00:00,2026-04-25 22:00:00+00:00,73.24207175925926,Existing User
Fauzan Bimo,Wikimedia_Indonesia/Wikilatih_Wikidata_Yogyakarta_2026,2026-04-26 03:31:30+00:00,2026-04-25 22:00:00+00:00,-0.23020833333333332,New User
GilangCahyo,Wikimedia_Indonesia/Wikilatih_Wikidata_Yogyakarta_2026,2024-01-18 14:41:40+00:00,2026-04-25 22:00:00+00:00,828.3043981481482,Existing User
Menariq15,Wikimedia_Indonesia/Wikilatih_Wikidata_Yogyakarta_2026,2026-04-26 03:25:02+00:00,2026-04-25 22:00:00+00:00,-0.22571759259259258,New User
Fazi Alfara,Wikimedia_Indonesia/Wikilatih_Wikidata_Yogyakarta_2026,2026-04-26 03:36:42+00:00,2026-04-25 22:00:00+00:00,-0.23381944444444444,New User
Muhammad Ali Zabar,Wikimedia_Indonesia/Pemagangan_Datatek_April_2026,2025-02-21 13:50:24+00:00,2026-04-27 17:00:00+00:00,430.13166666666666,Existing User
Rahmatdenas,Wikimedia_Indonesia/Kopdar_Wikidata_Yogyakarta_24_Mei_2026,2011-06-06 11:31:47+00:00,2026-05-23 22:00:00+00:00,5465.436261574074,Existing User
Putriuzdahw,Wikimedia_Indonesia/Kopdar_Wikidata_Yogyakarta_24_Mei_2026,2022-01-03 12:04:27+00:00,2026-05-23 22:00:00+00:00,1601.413576388889,Existing User
WanaraLima,Wikimedia_Indonesia/Kopdar_Wikidata_Yogyakarta_24_Mei_2026,2022-04-05 04:44:12+00:00,2026-05-23 22:00:00+00:00,1509.7193055555556,Existing User
Fhikri Latifi,Wikimedia_Indonesia/Kopdar_Wikidata_Yogyakarta_24_Mei_2026,2024-07-13 11:48:22+00:00,2026-05-23 22:00:00+00:00,679.4247453703704,Existing User
Candramawa99,Wikimedia_Indonesia/Kopdar_Wikidata_Yogyakarta_24_Mei_2026,2024-03-05 13:37:06+00:00,2026-05-23 22:00:00+00:00,809.3492361111112,Existing User
Ris00l may00,Wikimedia_Indonesia/Kopdar_Wikidata_Yogyakarta_24_Mei_2026,2024-12-05 06:16:43+00:00,2026-05-23 22:00:00+00:00,534.6550578703703,Existing User
Nasudi,Wikimedia_Indonesia/Kopdar_Wikidata_Yogyakarta_24_Mei_2026,2025-05-17 05:51:41+00:00,2026-05-23 22:00:00+00:00,371.67244212962964,Existing User
Muhamad Fahrizal Leo Pratama,Wikimedia_Indonesia/Kopdar_Wikidata_Yogyakarta_24_Mei_2026,2025-07-21 03:16:53+00:00,2026-05-23 22:00:00+00:00,306.7799421296296,Existing User
Maulana N Iz,Wikimedia_Indonesia/Kopdar_Wikidata_Yogyakarta_24_Mei_2026,2025-05-12 03:34:39+00:00,2026-05-23 22:00:00+00:00,376.7676041666667,Existing User
Annafinanda,Wikimedia_Indonesia/Kopdar_Wikidata_Yogyakarta_24_Mei_2026,2025-10-14 12:40:53+00:00,2026-05-23 22:00:00+00:00,221.38827546296295,Existing User
FaradillaLala12,Wikimedia_Indonesia/Kopdar_Wikidata_Yogyakarta_24_Mei_2026,2026-04-26 03:17:51+00:00,2026-05-23 22:00:00+00:00,27.77927083333333,Existing User
Zakaria,Wikimedia_Indonesia/Kopdar_Wikidata_Yogyakarta_24_Mei_2026,2018-02-26 07:41:29+00:00,2026-05-23 22:00:00+00:00,3008.59619212963,Existing User
Waleed.butt0025,Wikimedia_Indonesia/Kopdar_Wikidata_Yogyakarta_24_Mei_2026,2014-07-14 21:35:54+00:00,2026-05-23 22:00:00+00:00,4331.016736111111,Existing User
Mechaenjoyed,Wikimedia_Indonesia/Kopdar_Wikidata_Padang_24_Mei_2026,2018-12-17 13:31:26+00:00,2026-05-23 22:00:00+00:00,2714.3531712962963,Existing User
Fakhruddin Arrazzi,Wikimedia_Indonesia/Kopdar_Wikidata_Padang_24_Mei_2026,2019-10-06 14:51:42+00:00,2026-05-23 22:00:00+00:00,2421.2974305555554,Existing User
Syurida,Wikimedia_Indonesia/Kopdar_Wikidata_Padang_24_Mei_2026,2024-01-27 17:42:00+00:00,2026-05-23 22:00:00+00:00,847.1791666666667,Existing User
Tisa0603,Wikimedia_Indonesia/Kopdar_Wikidata_Padang_24_Mei_2026,2024-02-04 03:05:57+00:00,2026-05-23 22:00:00+00:00,839.7875347222222,Existing User
Sandi rambe,Wikimedia_Indonesia/Kopdar_Wikidata_Padang_24_Mei_2026,2024-06-28 17:41:04+00:00,2026-05-23 22:00:00+00:00,694.1798148148148,Existing User
Laila Nasution,Wikimedia_Indonesia/Kopdar_Wikidata_Padang_24_Mei_2026,2025-09-09 11:29:44+00:00,2026-05-23 22:00:00+00:00,256.43768518518516,Existing User
DwiFidratul,Wikimedia_Indonesia/Kopdar_Wikidata_Padang_24_Mei_2026,2025-06-26 11:35:02+00:00,2026-05-23 22:00:00+00:00,331.4340046296296,Existing User
Nadia Erwanda,Wikimedia_Indonesia/Kopdar_Wikidata_Padang_24_Mei_2026,2024-11-26 10:28:34+00:00,2026-05-23 22:00:00+00:00,543.4801620370371,Existing User
Firman Rusda,Wikimedia_Indonesia/Kopdar_Wikidata_Padang_24_Mei_2026,2025-05-21 14:30:49+00:00,2026-05-23 22:00:00+00:00,367.31193287037036,Existing User
Muhammad Rivanza Putra Ilmar,Wikimedia_Indonesia/Kopdar_Wikidata_Padang_24_Mei_2026,2026-02-03 16:51:52+00:00,2026-05-23 22:00:00+00:00,109.21398148148148,Existing User
Naila Fathinah,Wikimedia_Indonesia/Kopdar_Wikidata_Padang_24_Mei_2026,2026-05-05 06:04:46+00:00,2026-05-23 22:00:00+00:00,18.663356481481483,Existing User
Naelaa,Wikimedia_Indonesia/Kopdar_Wikidata_Padang_24_Mei_2026,2025-09-09 04:05:13+00:00,2026-05-23 22:00:00+00:00,256.7463773148148,Existing User
Yola61,Wikimedia_Indonesia/Wikilatih_Wikidata_Kehutanan_UNSRAT,2026-05-21 01:09:15+00:00,2026-05-20 22:00:00+00:00,-0.13142361111111112,New User
Yulis2026,Wikimedia_Indonesia/Wikilatih_Wikidata_Kehutanan_UNSRAT,2026-05-19 05:09:08+00:00,2026-05-20 22:00:00+00:00,1.7019907407407406,New User
Eunike Potu,Wikimedia_Indonesia/Wikilatih_Wikidata_Kehutanan_UNSRAT,2026-05-19 04:55:17+00:00,2026-05-20 22:00:00+00:00,1.7116087962962963,New User
Esra Situmorang,Wikimedia_Indonesia/Wikilatih_Wikidata_Kehutanan_UNSRAT,2026-05-19 04:47:29+00:00,2026-05-20 22:00:00+00:00,1.7170254629629629,New User
Baby2026,Wikimedia_Indonesia/Wikilatih_Wikidata_Kehutanan_UNSRAT,2026-05-21 00:27:49+00:00,2026-05-20 22:00:00+00:00,-0.10265046296296296,New User
Resky Tora Madoli,Wikimedia_Indonesia/Wikilatih_Wikidata_Kehutanan_UNSRAT,2026-05-19 23:24:34+00:00,2026-05-20 22:00:00+00:00,0.9412731481481481,New User
Wawan2828,Wikimedia_Indonesia/Wikilatih_Wikidata_Kehutanan_UNSRAT,2026-05-19 03:57:22+00:00,2026-05-20 22:00:00+00:00,1.7518287037037037,New User
Rtiabakona,Wikimedia_Indonesia/Wikilatih_Wikidata_Kehutanan_UNSRAT,2026-05-19 13:59:48+00:00,2026-05-20 22:00:00+00:00,1.3334722222222222,New User
KikiFajrianty09,Wikimedia_Indonesia/Wikilatih_Wikidata_Kehutanan_UNSRAT,2026-05-19 04:01:45+00:00,2026-05-20 22:00:00+00:00,1.7487847222222221,New User
Euispangemanan,Wikimedia_Indonesia/Wikilatih_Wikidata_Kehutanan_UNSRAT,2026-05-19 03:40:33+00:00,2026-05-20 22:00:00+00:00,1.7635069444444444,New User
Meguuusa,Wikimedia_Indonesia/Wikilatih_Wikidata_Kehutanan_UNSRAT,2026-05-19 09:37:52+00:00,2026-05-20 22:00:00+00:00,1.5153703703703705,New User
Kazushiki,Wikimedia_Indonesia/Wikilatih_Wikidata_Kehutanan_UNSRAT,2026-05-20 22:06:28+00:00,2026-05-20 22:00:00+00:00,-0.0044907407407407405,New User
Putradrwin,Wikimedia_Indonesia/Wikilatih_Wikidata_Kehutanan_UNSRAT,2026-05-19 11:50:51+00:00,2026-05-20 22:00:00+00:00,1.4230208333333334,New User
Putri Arianti Daeng Mulisa,Wikimedia_Indonesia/Wikilatih_Wikidata_Kehutanan_UNSRAT,2026-05-19 03:32:37+00:00,2026-05-20 22:00:00+00:00,1.7690162037037036,New User
Raflinoer32,Wikimedia_Indonesia/Kopdar_Wikidata_Bandung_7_Juni_2026,2021-03-23 05:37:22+00:00,2026-06-06 22:00:00+00:00,1901.6823842592592,Existing User
Mirani Pramitasari,Wikimedia_Indonesia/Kopdar_Wikidata_Bandung_7_Juni_2026,2021-09-12 14:03:17+00:00,2026-06-06 22:00:00+00:00,1728.3310532407406,Existing User
Pijri Paijar,Wikimedia_Indonesia/Kopdar_Wikidata_Bandung_7_Juni_2026,2021-11-26 02:10:39+00:00,2026-06-06 22:00:00+00:00,1653.8259375,Existing User
Hasnanf,Wikimedia_Indonesia/Kopdar_Wikidata_Bandung_7_Juni_2026,2022-11-03 11:45:07+00:00,2026-06-06 22:00:00+00:00,1311.427002314815,Existing User
Deepturquoise,Wikimedia_Indonesia/Kopdar_Wikidata_Bandung_7_Juni_2026,2019-12-26 13:22:54+00:00,2026-06-06 22:00:00+00:00,2354.3590972222223,Existing User
Iripseudocorus,Wikimedia_Indonesia/Kopdar_Wikidata_Bandung_7_Juni_2026,2023-11-13 09:21:35+00:00,2026-06-06 22:00:00+00:00,936.5266782407407,Existing User
Nugi30,Wikimedia_Indonesia/Kopdar_Wikidata_Bandung_7_Juni_2026,2024-05-08 14:05:41+00:00,2026-06-06 22:00:00+00:00,759.3293865740741,Existing User
Sekar Jarwo Soekarno,Wikimedia_Indonesia/Kopdar_Wikidata_Bandung_7_Juni_2026,2024-06-20 04:14:58+00:00,2026-06-06 22:00:00+00:00,716.7396064814815,Existing User
Lemonwithices,Wikimedia_Indonesia/Kopdar_Wikidata_Bandung_7_Juni_2026,2025-07-13 03:04:11+00:00,2026-06-06 22:00:00+00:00,328.7887615740741,Existing User
Juragan Sembako,Wikimedia_Indonesia/Kopdar_Wikidata_Bandung_7_Juni_2026,2025-06-18 16:20:59+00:00,2026-06-06 22:00:00+00:00,353.23542824074076,Existing User
Alexpendria,Wikimedia_Indonesia/Kopdar_Wikidata_Bandung_7_Juni_2026,2025-09-25 00:06:50+00:00,2026-06-06 22:00:00+00:00,254.9119212962963,Existing User
Ardiishere,Wikimedia_Indonesia/Kopdar_Wikidata_Bandung_7_Juni_2026,2024-04-13 06:04:37+00:00,2026-06-06 22:00:00+00:00,784.6634606481482,Existing User
Aaajim,Wikimedia_Indonesia/Kopdar_Wikidata_Bandung_7_Juni_2026,2026-05-20 06:09:21+00:00,2026-06-06 22:00:00+00:00,17.660173611111112,Existing User
Zahradila,Wikimedia_Indonesia/Wikilatih_Wikidata_Semarang_21_Juni_2026,2024-10-01 06:33:56+00:00,2026-06-20 23:00:00+00:00,627.6847685185185,Existing User
Jannah N. Azizah,Wikimedia_Indonesia/Wikilatih_Wikidata_Semarang_21_Juni_2026,2026-06-19 09:23:14+00:00,2026-06-20 23:00:00+00:00,1.567199074074074,New User
KhalifaR5,Wikimedia_Indonesia/Wikilatih_Wikidata_Semarang_21_Juni_2026,2026-06-21 03:30:16+00:00,2026-06-20 23:00:00+00:00,-0.18768518518518518,New User
Romeromilki77,Wikimedia_Indonesia/Wikilatih_Wikidata_Semarang_21_Juni_2026,2026-06-20 03:43:33+00:00,2026-06-20 23:00:00+00:00,0.8030902777777778,New User
Padmaraya,Wikimedia_Indonesia/Wikilatih_Wikidata_Semarang_21_Juni_2026,2026-06-17 01:42:49+00:00,2026-06-20 23:00:00+00:00,3.8869328703703703,New User
Alrenasalsa,Wikimedia_Indonesia/Wikilatih_Wikidata_Semarang_21_Juni_2026,2026-06-20 00:29:58+00:00,2026-06-20 23:00:00+00:00,0.9375231481481482,New User
Khalila Wafa Fadhila,Wikimedia_Indonesia/Wikilatih_Wikidata_Semarang_21_Juni_2026,2026-06-20 03:35:28+00:00,2026-06-20 23:00:00+00:00,0.8087037037037037,New User
Inivirli,Wikimedia_Indonesia/Wikilatih_Wikidata_Semarang_21_Juni_2026,2026-06-20 03:41:07+00:00,2026-06-20 23:00:00+00:00,0.8047800925925926,New User
Agavegaza20,Wikimedia_Indonesia/Wikilatih_Wikidata_Semarang_21_Juni_2026,2026-06-21 03:31:21+00:00,2026-06-20 23:00:00+00:00,-0.1884375,New User
Zahra234,Wikimedia_Indonesia/Wikilatih_Wikidata_Semarang_21_Juni_2026,2026-06-21 03:30:20+00:00,2026-06-20 23:00:00+00:00,-0.18773148148148147,New User
Clysmic,Wikimedia_Indonesia/Wikilatih_Wikidata_Palembang_21_Juni_2026,2023-02-22 15:56:39+00:00,2026-06-20 22:00:00+00:00,1214.2523263888888,Existing User
Who'sisthis,Wikimedia_Indonesia/Wikilatih_Wikidata_Palembang_21_Juni_2026,2025-03-03 14:36:35+00:00,2026-06-20 22:00:00+00:00,474.30792824074075,Existing User
Chenmay08,Wikimedia_Indonesia/Wikilatih_Wikidata_Palembang_21_Juni_2026,2025-09-02 03:48:12+00:00,2026-06-20 22:00:00+00:00,291.7581944444444,Existing User
Thataa1029,Wikimedia_Indonesia/Wikilatih_Wikidata_Palembang_21_Juni_2026,2025-11-18 05:54:37+00:00,2026-06-20 22:00:00+00:00,214.6704050925926,Existing User
Nangningnung,Wikimedia_Indonesia/Wikilatih_Wikidata_Palembang_21_Juni_2026,2026-04-07 01:07:58+00:00,2026-06-20 22:00:00+00:00,74.8694675925926,Existing User
Eisara,Wikimedia_Indonesia/Wikilatih_Wikidata_Palembang_21_Juni_2026,2008-09-23 00:30:47+00:00,2026-06-20 22:00:00+00:00,6479.895289351852,Existing User
Mariefrahman1,Wikimedia_Indonesia/Wikilatih_Wikidata_Palembang_21_Juni_2026,2026-06-18 06:32:10+00:00,2026-06-20 22:00:00+00:00,2.6443287037037035,New User
Fransscoo01,Wikimedia_Indonesia/Wikilatih_Wikidata_Palembang_21_Juni_2026,2026-06-20 03:07:39+00:00,2026-06-20 22:00:00+00:00,0.7863541666666667,New User
Hypothetical Journey,Wikimedia_Indonesia/Wikilatih_Wikidata_Palembang_21_Juni_2026,2026-06-19 12:01:45+00:00,2026-06-20 22:00:00+00:00,1.4154513888888889,New User
Dinda Rintic Rose,Wikimedia_Indonesia/Wikilatih_Wikidata_Palembang_21_Juni_2026,2026-06-16 10:37:00+00:00,2026-06-20 22:00:00+00:00,4.4743055555555555,New User
Tiqash,Wikimedia_Indonesia/Wikilatih_Wikidata_Palembang_21_Juni_2026,2026-06-16 11:39:25+00:00,2026-06-20 22:00:00+00:00,4.430960648148148,New User
27sarchives,Wikimedia_Indonesia/Wikilatih_Wikidata_Palembang_21_Juni_2026,2026-06-21 03:03:29+00:00,2026-06-20 22:00:00+00:00,-0.21075231481481482,New User
Sasa2510,Wikimedia_Indonesia/Wikilatih_Wikidata_Palembang_21_Juni_2026,2026-06-21 03:02:54+00:00,2026-06-20 22:00:00+00:00,-0.2103472222222222,New User
Matchabiya,Wikimedia_Indonesia/Wikilatih_Wikidata_Palembang_21_Juni_2026,2026-06-21 03:32:54+00:00,2026-06-20 22:00:00+00:00,-0.23118055555555556,New User
